5ff1e1eb0a720f05230005751	4011	5ff1e1eb0a720f0523000575
5ff1e1bb0a720f052300056b1	4011	5ff1e1bb0a720f052300056b
5ff1e1bb0a720f052300056b2	028400642255	5ff1e1bb0a720f052300056b
5ff1e1ee0a7214ada100056f1	4011	5ff1e1ee0a7214ada100056f
5ff1e1d20a7214ada10005611	4011	5ff1e1d20a7214ada1000561
5ff1e1d20a7214ada10005612	1234	5ff1e1d20a7214ada1000561
5ff1e1e40a7214ada10005661	4011	5ff1e1e40a7214ada1000566
5ff1e1a40a720f05230005691	046000832517	5ff1e1a40a720f0523000569
5ff1e1ed0a7214ada100056e1	4011	5ff1e1ed0a7214ada100056e
5ff1e1eb0a7214ada100056b1	4011	5ff1e1eb0a7214ada100056b
5ff1e1c50a720f052300056c1	4011	5ff1e1c50a720f052300056c
5ff1e1a10a720f05230005681	013562300631	5ff1e1a10a720f0523000568
5ff1e1b60a7214ada100055c1	034100573065	5ff1e1b60a7214ada100055c
5ff1e1b60a7214ada100055c2	034100573065	5ff1e1b60a7214ada100055c
5ff1e1b60a7214ada100055c3	034100573065	5ff1e1b60a7214ada100055c
5ff1e1b60a7214ada100055c4	034100573065	5ff1e1b60a7214ada100055c
5ff1e1b60a7214ada100055c5	034100573065	5ff1e1b60a7214ada100055c
5ff1e1b60a7214ada100055c6	034100573065	5ff1e1b60a7214ada100055c
5ff1e1b60a7214ada100055c7	034100573065	5ff1e1b60a7214ada100055c
5ff1e1b60a7214ada100055c8	034100573065	5ff1e1b60a7214ada100055c
5ff1e1b60a7214ada100055c9	034100573065	5ff1e1b60a7214ada100055c
5ff1e1b60a7214ada100055c10	034100573065	5ff1e1b60a7214ada100055c
5f9c74f70a7214ad070000371	075925306254	5f9c74f70a7214ad07000037
5ff1e1b20a7214ada100055a1	4011	5ff1e1b20a7214ada100055a
5ff1e1df0a7214ada10005641	4011	5ff1e1df0a7214ada1000564
5ff1e1df0a7214ada10005642	028400642255	5ff1e1df0a7214ada1000564
5ff1e1b40a7214ada100055b1	075925306254	5ff1e1b40a7214ada100055b
5ff1e1eb0a720f05230005761	4011	5ff1e1eb0a720f0523000576
5ff1e1c80a720f052300056d1	4011	5ff1e1c80a720f052300056d
5ff1e1c80a720f052300056d2	1234	5ff1e1c80a720f052300056d
5f9c74f90a7214ad070000381	075925306254	5f9c74f90a7214ad07000038
5f9c74f90a7214ad070000382	075925306254	5f9c74f90a7214ad07000038
5f9c74f90a7214ad070000383	034100573065	5f9c74f90a7214ad07000038
5f9c74f90a7214ad070000384	034100573065	5f9c74f90a7214ad07000038
5f9c74f90a7214ad070000385	034100573065	5f9c74f90a7214ad07000038
5ff1e1960a720f05230005671	4011	5ff1e1960a720f0523000567
5ff1e1ec0a7214ada100056c1	4011	5ff1e1ec0a7214ada100056c
5ff1e1d70a720f05230005711	041000168468	5ff1e1d70a720f0523000571
5ff1e1d70a720f05230005712	2700719497082	5ff1e1d70a720f0523000571
5ff1e1c60a7214ada100055e1	4011	5ff1e1c60a7214ada100055e
5ff1e1c60a7214ada100055e2	1234	5ff1e1c60a7214ada100055e
5ff1e1ee0a7214ada10005701	4011	5ff1e1ee0a7214ada1000570
5ff1e1cf0a720f05230005701	4011	5ff1e1cf0a720f0523000570
5ff1e1cf0a720f05230005702	1234	5ff1e1cf0a720f0523000570
5ff1e1e10a720f05230005721	079400066619	5ff1e1e10a720f0523000572
5ff1e1d40a7214ada10005622	051500720011	5ff1e1d40a7214ada1000562
5ff1e1ee0a720f05230005781	4011	5ff1e1ee0a720f0523000578
5ff371030a7214ada10005a51	087684001127	5ff371030a7214ada10005a5
5ff371030a7214ada10005a52	087684001127	5ff371030a7214ada10005a5
5ff371030a7214ada10005a53	087684001127	5ff371030a7214ada10005a5
5ff371030a7214ada10005a54	087684001127	5ff371030a7214ada10005a5
5ff371030a7214ada10005a55	087684001127	5ff371030a7214ada10005a5
5ff371030a7214ada10005a56	087684001127	5ff371030a7214ada10005a5
5ff371030a7214ada10005a57	087684001127	5ff371030a7214ada10005a5
5ff371030a7214ada10005a58	087684001127	5ff371030a7214ada10005a5
5ff371030a7214ada10005a59	087684001127	5ff371030a7214ada10005a5
5ff371030a7214ada10005a510	087684001127	5ff371030a7214ada10005a5
5ff36dcc0a720f05230005b11	071040063102	5ff36dcc0a720f05230005b1
5ff36c750a7214ada100058f1	029000079236	5ff36c750a7214ada100058f
5ff36c750a7214ada100058f2	029000079236	5ff36c750a7214ada100058f
5ff36c750a7214ada100058f3	029000079236	5ff36c750a7214ada100058f
5ff36c750a7214ada100058f4	029000079236	5ff36c750a7214ada100058f
5ff36c750a7214ada100058f5	029000079236	5ff36c750a7214ada100058f
5ff36c750a7214ada100058f6	029000079236	5ff36c750a7214ada100058f
5ff36c750a7214ada100058f7	029000079236	5ff36c750a7214ada100058f
5ff36c750a7214ada100058f8	029000079236	5ff36c750a7214ada100058f
5ff36c750a7214ada100058f9	029000079236	5ff36c750a7214ada100058f
5ff36d860a720f05230005a71	041129002292	5ff36d860a720f05230005a7
5ff36d9f0a720f05230005ab1	043000946060	5ff36d9f0a720f05230005ab
5ff36adb0a720f05230005901	044700009888	5ff36adb0a720f0523000590
5ff36adb0a720f05230005902	044700009888	5ff36adb0a720f0523000590
5ff36adb0a720f05230005903	044700009888	5ff36adb0a720f0523000590
5ff36adb0a720f05230005904	044700009888	5ff36adb0a720f0523000590
5ff36adb0a720f05230005905	044700009888	5ff36adb0a720f0523000590
5ff36da00a7214ada100059b1	021000012961	5ff36da00a7214ada100059b
5ff36dc40a7214ada100059f1	021000678358	5ff36dc40a7214ada100059f
5ff36dc40a7214ada100059f2	021000678358	5ff36dc40a7214ada100059f
5ff36dc40a7214ada100059f3	021000678358	5ff36dc40a7214ada100059f
5ff36dc40a7214ada100059f4	021000678358	5ff36dc40a7214ada100059f
5ff36dc40a7214ada100059f5	021000678358	5ff36dc40a7214ada100059f
5ff36dc40a7214ada100059f6	021000678358	5ff36dc40a7214ada100059f
5ff36dc40a7214ada100059f7	021000678358	5ff36dc40a7214ada100059f
5ff36dc40a7214ada100059f8	021000678358	5ff36dc40a7214ada100059f
5ff36dc40a7214ada100059f9	021000678358	5ff36dc40a7214ada100059f
5ff3710b0a7214ada10005a71	044700033302	5ff3710b0a7214ada10005a7
5ff3710b0a7214ada10005a72	044700033302	5ff3710b0a7214ada10005a7
5ff3710b0a7214ada10005a73	044700033302	5ff3710b0a7214ada10005a7
5ff3710b0a7214ada10005a74	044700033302	5ff3710b0a7214ada10005a7
5ff3710b0a7214ada10005a75	044700033302	5ff3710b0a7214ada10005a7
5ff3710b0a7214ada10005a76	044700033302	5ff3710b0a7214ada10005a7
5ff3710b0a7214ada10005a77	044700033302	5ff3710b0a7214ada10005a7
5ff3710b0a7214ada10005a78	044700033302	5ff3710b0a7214ada10005a7
5ff3710b0a7214ada10005a79	044700033302	5ff3710b0a7214ada10005a7
5ff36d780a7214ada10005931	021000059232	5ff36d780a7214ada1000593
5ff371410a7214ada10005ba1	043000004944	5ff371410a7214ada10005ba
5ff36c8b0a720f05230005a11	759283400082	5ff36c8b0a720f05230005a1
5ff36c550a7214ada10005881	025800000135	5ff36c550a7214ada1000588
5ff36c550a7214ada10005882	025800000135	5ff36c550a7214ada1000588
5ff36c550a7214ada10005883	025800000135	5ff36c550a7214ada1000588
5ff36c550a7214ada10005884	025800000135	5ff36c550a7214ada1000588
5ff36c550a7214ada10005885	025800000135	5ff36c550a7214ada1000588
5ff36acb0a720f052300058d1	043000043486	5ff36acb0a720f052300058d
5ff36acb0a720f052300058d2	043000043486	5ff36acb0a720f052300058d
5ff36acb0a720f052300058d3	043000043486	5ff36acb0a720f052300058d
5ff36acb0a720f052300058d4	043000043486	5ff36acb0a720f052300058d
5ff36acb0a720f052300058d5	043000043486	5ff36acb0a720f052300058d
5ff36acb0a720f052300058d6	043000043486	5ff36acb0a720f052300058d
5ff36acb0a720f052300058d7	043000043486	5ff36acb0a720f052300058d
5ff36acb0a720f052300058d8	043000043486	5ff36acb0a720f052300058d
5ff36acb0a720f052300058d9	043000043486	5ff36acb0a720f052300058d
5ff371450a7214ada10005bd1	029000024748	5ff371450a7214ada10005bd
5ff371450a7214ada10005bd2	029000024748	5ff371450a7214ada10005bd
5ff371450a7214ada10005bd3	029000024748	5ff371450a7214ada10005bd
5ff371450a7214ada10005bd4	029000024748	5ff371450a7214ada10005bd
5ff371450a7214ada10005bd5	029000024748	5ff371450a7214ada10005bd
5ff36d9d0a720f05230005aa1	044700002810	5ff36d9d0a720f05230005aa
5ff36d9d0a720f05230005aa2	044700002810	5ff36d9d0a720f05230005aa
5ff36d9d0a720f05230005aa3	044700002810	5ff36d9d0a720f05230005aa
5ff36d9d0a720f05230005aa4	044700002810	5ff36d9d0a720f05230005aa
5ff36d9d0a720f05230005aa5	044700002810	5ff36d9d0a720f05230005aa
5ff36c590a7214ada10005891	043000079904	5ff36c590a7214ada1000589
5ff36c590a7214ada10005892	043000079904	5ff36c590a7214ada1000589
5ff36c590a7214ada10005893	043000079904	5ff36c590a7214ada1000589
5ff36c590a7214ada10005894	043000079904	5ff36c590a7214ada1000589
5ff36c590a7214ada10005895	043000079904	5ff36c590a7214ada1000589
5ff29be20a7214ada10005711	044000000745	5ff29be20a7214ada1000571
5ff36c6d0a720f05230005971	046704085905	5ff36c6d0a720f0523000597
5ff36c6d0a720f05230005972	046704085905	5ff36c6d0a720f0523000597
5ff36c6d0a720f05230005973	046704085905	5ff36c6d0a720f0523000597
5ff36c6d0a720f05230005974	046704085905	5ff36c6d0a720f0523000597
5ff36a830a7214ada100057b1	021000057832	5ff36a830a7214ada100057b
5ff36c570a720f05230005931	021000002917	5ff36c570a720f0523000593
5ff3713c0a7214ada10005b61	044700019917	5ff3713c0a7214ada10005b6
5ff371130a7214ada10005aa1	043000035818	5ff371130a7214ada10005aa
5ff370f00a7214ada10005a31	070085046583	5ff370f00a7214ada10005a3
5ff370f00a7214ada10005a32	070085046583	5ff370f00a7214ada10005a3
5ff370f00a7214ada10005a33	070085046583	5ff370f00a7214ada10005a3
5ff370f00a7214ada10005a34	070085046583	5ff370f00a7214ada10005a3
5ff370f00a7214ada10005a35	070085046583	5ff370f00a7214ada10005a3
5ff371240a7214ada10005b31	044700073377	5ff371240a7214ada10005b3
5ff36c8d0a7214ada10005911	021000055920	5ff36c8d0a7214ada1000591
5ff36ad40a7214ada10005851	021000051885	5ff36ad40a7214ada1000585
5ff36dcb0a7214ada10005a01	071040063102	5ff36dcb0a7214ada10005a0
5ff4ce430a7214ada10005d81	4011	5ff4ce430a7214ada10005d8
5ff4ce400a7214ada10005d51	4011	5ff4ce400a7214ada10005d5
5ff473de0a720f05230005bd1	022174070214	5ff473de0a720f05230005bd
5ff4ce8c0a7214ada10005e61	079400066619	5ff4ce8c0a7214ada10005e6
5ff4ce3d0a7214ada10005d31	4011	5ff4ce3d0a7214ada10005d3
5ff473b40a7214ada10005c51	043000012871	5ff473b40a7214ada10005c5
5ff473f30a720f05230005c01	043000077467	5ff473f30a720f05230005c0
5ff4ce3a0a7214ada10005d21	4011	5ff4ce3a0a7214ada10005d2
5ff473a90a7214ada10005c21	043000008836	5ff473a90a7214ada10005c2
5ff473a90a7214ada10005c22	043000008836	5ff473a90a7214ada10005c2
5ff473a90a7214ada10005c23	043000008836	5ff473a90a7214ada10005c2
5ff473a90a7214ada10005c24	043000008836	5ff473a90a7214ada10005c2
5ff473a90a7214ada10005c25	043000008836	5ff473a90a7214ada10005c2
5ff473b10a7214ada10005c41	021000068364	5ff473b10a7214ada10005c4
5ff473b10a7214ada10005c42	021000068364	5ff473b10a7214ada10005c4
5ff473b10a7214ada10005c43	021000068364	5ff473b10a7214ada10005c4
5ff473b10a7214ada10005c44	021000068364	5ff473b10a7214ada10005c4
5ff473b10a7214ada10005c45	021000068364	5ff473b10a7214ada10005c4
5ff4ce550a7214ada10005db1	4011	5ff4ce550a7214ada10005db
5ff4ce550a7214ada10005db2	1234	5ff4ce550a7214ada10005db
5ff4ce430a720f05230005c91	4011	5ff4ce430a720f05230005c9
5ff473d40a7214ada10005c91	021000013869	5ff473d40a7214ada10005c9
5ff4ce690a7214ada10005e21	075925306254	5ff4ce690a7214ada10005e2
5ff4ce690a7214ada10005e22	075925306254	5ff4ce690a7214ada10005e2
5ff4ce690a7214ada10005e23	034100573065	5ff4ce690a7214ada10005e2
5ff4ce690a7214ada10005e24	034100573065	5ff4ce690a7214ada10005e2
5ff473f60a7214ada10005ce1	044700030479	5ff473f60a7214ada10005ce
5ff473f60a7214ada10005ce2	044700030479	5ff473f60a7214ada10005ce
5ff473f60a7214ada10005ce3	044700030479	5ff473f60a7214ada10005ce
5ff473f60a7214ada10005ce4	044700030479	5ff473f60a7214ada10005ce
5ff473f60a7214ada10005ce5	044700030479	5ff473f60a7214ada10005ce
5ff473cf0a7214ada10005c81	041258081601	5ff473cf0a7214ada10005c8
5fa5ad370a720f05ef0000891	075925306254	5fa5ad370a720f05ef000089
5fa5ad370a720f05ef0000892	034100573065	5fa5ad370a720f05ef000089
5fa5ad370a720f05ef0000893	034100573065	5fa5ad370a720f05ef000089
5fa5ad370a720f05ef0000894	034100573065	5fa5ad370a720f05ef000089
5fa5ad370a720f05ef0000895	034100573065	5fa5ad370a720f05ef000089
5fa5ad370a720f05ef0000896	034100573065	5fa5ad370a720f05ef000089
5fa5ad370a720f05ef0000897	034100573065	5fa5ad370a720f05ef000089
5fa5ad370a720f05ef0000898	034100573065	5fa5ad370a720f05ef000089
5fa5ad370a720f05ef0000899	034100573065	5fa5ad370a720f05ef000089
5fa5ad370a720f05ef00008910	034100573065	5fa5ad370a720f05ef000089
5fa5ad370a720f05ef00008911	034100573065	5fa5ad370a720f05ef000089
5ff4ce650a7214ada10005e11	075925306254	5ff4ce650a7214ada10005e1
5ff473e40a7214ada10005cc1	043000075821	5ff473e40a7214ada10005cc
5ff473d00a720f05230005bb1	041258081601	5ff473d00a720f05230005bb
5ff473b20a720f05230005b71	021000667543	5ff473b20a720f05230005b7
5ff473b20a720f05230005b72	021000667543	5ff473b20a720f05230005b7
5ff473b20a720f05230005b73	021000667543	5ff473b20a720f05230005b7
5ff473b20a720f05230005b74	021000667543	5ff473b20a720f05230005b7
5ff473b20a720f05230005b75	021000667543	5ff473b20a720f05230005b7
5ff473ad0a7214ada10005c31	013120013966	5ff473ad0a7214ada10005c3
5ff4ce640a7214ada10005e01	4011	5ff4ce640a7214ada10005e0
5ff4ce3f0a720f05230005c61	4011	5ff4ce3f0a720f05230005c6
5ff4ce4e0a7214ada10005da1	4011	5ff4ce4e0a7214ada10005da
5ff4ce4e0a7214ada10005da2	1234	5ff4ce4e0a7214ada10005da
5ff473bc0a720f05230005b81	021000068760	5ff473bc0a720f05230005b8
5ff473bc0a720f05230005b82	021000068760	5ff473bc0a720f05230005b8
5ff473bc0a720f05230005b83	021000068760	5ff473bc0a720f05230005b8
5ff473bc0a720f05230005b84	021000068760	5ff473bc0a720f05230005b8
5ff5d1da0a7214ada10005f81	070277290107	5ff5d1da0a7214ada10005f8
5ff5d1d40a7214ada10005f41	041129088005	5ff5d1d40a7214ada10005f4
5ff5d1d40a7214ada10005f42	041129088005	5ff5d1d40a7214ada10005f4
5ff5d1d40a7214ada10005f43	041129088005	5ff5d1d40a7214ada10005f4
5ff5d1d40a7214ada10005f44	041129088005	5ff5d1d40a7214ada10005f4
5ff5d1d40a7214ada10005f45	041129088005	5ff5d1d40a7214ada10005f4
5ff5d1a00a7214ada10005ed1	013000993906	5ff5d1a00a7214ada10005ed
5ff5d1e20a720f05230005da1	043000065198	5ff5d1e20a720f05230005da
5ff5d1e10a720f05230005d91	021000050765	5ff5d1e10a720f05230005d9
5ff5d1e10a720f05230005d92	021000050765	5ff5d1e10a720f05230005d9
5ff5d1e10a720f05230005d93	021000050765	5ff5d1e10a720f05230005d9
5ff5d1e10a720f05230005d94	021000050765	5ff5d1e10a720f05230005d9
5ff5d1e10a720f05230005d95	021000050765	5ff5d1e10a720f05230005d9
5ff5d1fd0a720f05230005de1	021000032778	5ff5d1fd0a720f05230005de
5ff5d1fd0a720f05230005de2	021000032778	5ff5d1fd0a720f05230005de
5ff5d1fd0a720f05230005de3	021000032778	5ff5d1fd0a720f05230005de
5ff5d1fd0a720f05230005de4	021000032778	5ff5d1fd0a720f05230005de
5ff5d1fd0a720f05230005de5	021000032778	5ff5d1fd0a720f05230005de
5ff5d1fd0a720f05230005de6	021000032778	5ff5d1fd0a720f05230005de
5ff5d1fd0a720f05230005de7	021000032778	5ff5d1fd0a720f05230005de
5ff5d1fd0a720f05230005de8	021000032778	5ff5d1fd0a720f05230005de
5ff5d1fd0a720f05230005de9	021000032778	5ff5d1fd0a720f05230005de
5ff5d1d80a7214ada10005f61	043000046814	5ff5d1d80a7214ada10005f6
5ff5d1d80a7214ada10005f62	043000046814	5ff5d1d80a7214ada10005f6
5ff5d1d80a7214ada10005f63	043000046814	5ff5d1d80a7214ada10005f6
5ff5d1d80a7214ada10005f64	043000046814	5ff5d1d80a7214ada10005f6
5ff5d1d80a7214ada10005f65	043000046814	5ff5d1d80a7214ada10005f6
5ff5d19d0a7214ada10005ec1	686924560242	5ff5d19d0a7214ada10005ec
5ff5d1f20a720f05230005db1	021000051113	5ff5d1f20a720f05230005db
5ff5d1f20a720f05230005db2	021000051113	5ff5d1f20a720f05230005db
5ff5d1f20a720f05230005db3	021000051113	5ff5d1f20a720f05230005db
5ff5d1f20a720f05230005db4	021000051113	5ff5d1f20a720f05230005db
5ff5d1dc0a720f05230005d61	021000070787	5ff5d1dc0a720f05230005d6
5ff5d1dd0a720f05230005d71	043000058145	5ff5d1dd0a720f05230005d7
5ff5d1dd0a720f05230005d72	043000058145	5ff5d1dd0a720f05230005d7
5ff5d1dd0a720f05230005d73	043000058145	5ff5d1dd0a720f05230005d7
5ff5d1dd0a720f05230005d74	043000058145	5ff5d1dd0a720f05230005d7
5ff5d1dd0a720f05230005d75	043000058145	5ff5d1dd0a720f05230005d7
5ff5d1a30a7214ada10005ef1	044700074602	5ff5d1a30a7214ada10005ef
5ff5d20c0a720f05230005e31	021000007561	5ff5d20c0a720f05230005e3
5ff5d1fa0a720f05230005dd1	043000013229	5ff5d1fa0a720f05230005dd
5ff5d1d80a7214ada10005f71	043000000960	5ff5d1d80a7214ada10005f7
5ff5d1d80a7214ada10005f72	043000000960	5ff5d1d80a7214ada10005f7
5ff5d1d80a7214ada10005f73	043000000960	5ff5d1d80a7214ada10005f7
5ff5d1d80a7214ada10005f74	043000000960	5ff5d1d80a7214ada10005f7
5ff5d1d80a7214ada10005f75	043000000960	5ff5d1d80a7214ada10005f7
5ff5d1f40a720f05230005dc1	013000657600	5ff5d1f40a720f05230005dc
5ff5d1f40a720f05230005dc2	013000657600	5ff5d1f40a720f05230005dc
5ff5d1f40a720f05230005dc3	013000657600	5ff5d1f40a720f05230005dc
5ff5d1f40a720f05230005dc4	013000657600	5ff5d1f40a720f05230005dc
5ff5d1f40a720f05230005dc5	013000657600	5ff5d1f40a720f05230005dc
5ff5d1f40a720f05230005dc6	013000657600	5ff5d1f40a720f05230005dc
5ff5d1f40a720f05230005dc7	013000657600	5ff5d1f40a720f05230005dc
5ff5d1f40a720f05230005dc8	013000657600	5ff5d1f40a720f05230005dc
5ff5d1f40a720f05230005dc9	013000657600	5ff5d1f40a720f05230005dc
5ff5d1f40a720f05230005dc10	013000657600	5ff5d1f40a720f05230005dc
5ff5d2060a720f05230005e01	017696004519	5ff5d2060a720f05230005e0
5ff618e30a7214ada10005fa3	012000809941	5ff618e30a7214ada10005fa
5ff618e30a7214ada10005fa5	028400642033	5ff618e30a7214ada10005fa
5ff618e30a7214ada10005fa6	036000391718	5ff618e30a7214ada10005fa
5ff5d2060a720f05230005e11	017696004519	5ff5d2060a720f05230005e1
5ff5d1df0a720f05230005d81	044700092408	5ff5d1df0a720f05230005d8
5ff5d1df0a720f05230005d82	044700092408	5ff5d1df0a720f05230005d8
5ff5d1df0a720f05230005d83	044700092408	5ff5d1df0a720f05230005d8
5ff5d1df0a720f05230005d84	044700092408	5ff5d1df0a720f05230005d8
5ff5d1df0a720f05230005d85	044700092408	5ff5d1df0a720f05230005d8
5ff5d1990a7214ada10005ea1	022174070214	5ff5d1990a7214ada10005ea
5ff5d1d00a7214ada10005f21	043000023440	5ff5d1d00a7214ada10005f2
5ff5d1d60a7214ada10005f51	029000016187	5ff5d1d60a7214ada10005f5
5ff5d1940a7214ada10005e91	022174070214	5ff5d1940a7214ada10005e9
5ff5d2030a720f05230005df1	021000001361	5ff5d2030a720f05230005df
5ff5d1a10a7214ada10005ee1	029000020344	5ff5d1a10a7214ada10005ee
5ff5d19c0a7214ada10005eb1	043000009604	5ff5d19c0a7214ada10005eb
5ff5d1cb0a7214ada10005f01	021000024834	5ff5d1cb0a7214ada10005f0
5ff5d1cb0a7214ada10005f02	021000024834	5ff5d1cb0a7214ada10005f0
5ff5d1cb0a7214ada10005f03	021000024834	5ff5d1cb0a7214ada10005f0
5ff5d1cb0a7214ada10005f04	021000024834	5ff5d1cb0a7214ada10005f0
5ff5d1cb0a7214ada10005f05	021000024834	5ff5d1cb0a7214ada10005f0
5ff5d20b0a720f05230005e21	071159020195	5ff5d20b0a720f05230005e2
5ff73be50a720f05230006081	4011	5ff73be50a720f0523000608
5ff7946f0a720f052300063c1	4011	5ff7946f0a720f052300063c
5ff726910a720f05230005f11	4011	5ff726910a720f05230005f1
5ff74fd10a720f05230006191	043000204399	5ff74fd10a720f0523000619
5ff73bdb0a720f05230006051	021908236865	5ff73bdb0a720f0523000605
5ff794940a720f05230006401	4011	5ff794940a720f0523000640
5ff794020a720f05230006351	4011	5ff794020a720f0523000635
5ff73beb0a7214ada100061c1	4011	5ff73beb0a7214ada100061c
5ff794bf0a7214ada10006501	4011	5ff794bf0a7214ada1000650
5ff74faf0a720f05230006131	043000060544	5ff74faf0a720f0523000613
5ff74faf0a720f05230006132	043000060544	5ff74faf0a720f0523000613
5ff74faf0a720f05230006133	043000060544	5ff74faf0a720f0523000613
5ff74faf0a720f05230006134	043000060544	5ff74faf0a720f0523000613
5ff7945a0a7214ada10006461	4011	5ff7945a0a7214ada1000646
5ff74ffe0a720f05230006211	021000034574	5ff74ffe0a720f0523000621
5ff74ffe0a720f05230006212	021000034574	5ff74ffe0a720f0523000621
5ff74ffe0a720f05230006213	021000034574	5ff74ffe0a720f0523000621
5ff74ffe0a720f05230006214	021000034574	5ff74ffe0a720f0523000621
5ff74ffe0a720f05230006215	021000034574	5ff74ffe0a720f0523000621
5ff726790a7214ada10006021	4011	5ff726790a7214ada1000602
5ff726790a7214ada10006022	1234	5ff726790a7214ada1000602
5ff750050a7214ada10006331	043000057162	5ff750050a7214ada1000633
5ff74ffb0a720f05230006201	044700096284	5ff74ffb0a720f0523000620
5ff74ff50a720f052300061e1	686924155783	5ff74ff50a720f052300061e
5ff794640a720f052300063b1	4011	5ff794640a720f052300063b
5ff726810a720f05230005ea1	4011	5ff726810a720f05230005ea
5ff726810a720f05230005ea2	1234	5ff726810a720f05230005ea
5ff73be10a7214ada10006191	034100573065	5ff73be10a7214ada1000619
5ff73be10a7214ada10006192	034100573065	5ff73be10a7214ada1000619
5ff73be10a7214ada10006193	034100573065	5ff73be10a7214ada1000619
5ff73be10a7214ada10006194	034100573065	5ff73be10a7214ada1000619
5ff73be10a7214ada10006195	034100573065	5ff73be10a7214ada1000619
5ff73be10a7214ada10006196	034100573065	5ff73be10a7214ada1000619
5ff73be10a7214ada10006197	034100573065	5ff73be10a7214ada1000619
5ff73be10a7214ada10006198	034100573065	5ff73be10a7214ada1000619
5ff73be10a7214ada10006199	034100573065	5ff73be10a7214ada1000619
5ff73be10a7214ada100061910	034100573065	5ff73be10a7214ada1000619
5ff73bae0a720f05230006001	4011	5ff73bae0a720f0523000600
5ff73bae0a720f05230006002	1234	5ff73bae0a720f0523000600
5ff7265a0a7214ada10005fb1	079400066619	5ff7265a0a7214ada10005fb
5ff7942e0a720f05230006371	4011	5ff7942e0a720f0523000637
5ff7942e0a720f05230006372	1234	5ff7942e0a720f0523000637
5ff726a40a720f05230005fa1	075925306254	5ff726a40a720f05230005fa
5ff726a40a720f05230005fa2	075925306254	5ff726a40a720f05230005fa
5ff726a40a720f05230005fa3	034100573065	5ff726a40a720f05230005fa
5ff726a40a720f05230005fa4	034100573065	5ff726a40a720f05230005fa
5ff794130a7214ada10006401	4011	5ff794130a7214ada1000640
5ff794130a7214ada10006402	1234	5ff794130a7214ada1000640
5ff726640a720f05230005e61	013562300631	5ff726640a720f05230005e6
5ff793dd0a720f05230006331	075925306254	5ff793dd0a720f0523000633
5ff793dd0a720f05230006332	075925306254	5ff793dd0a720f0523000633
5ff793dd0a720f05230006333	034100573065	5ff793dd0a720f0523000633
5ff8da4e0a720f05c50000121	4011	5ff8da4e0a720f05c5000012
5ff873de0a720f05230006481	4011	5ff873de0a720f0523000648
5ff8740c0a720f05230006591	016000156234	5ff8740c0a720f0523000659
5ff8da4c0a720f05c50000111	4011	5ff8da4c0a720f05c5000011
5ff8da860a720f05c50000221	4011	5ff8da860a720f05c5000022
5ff8da860a720f05c50000222	028400642255	5ff8da860a720f05c5000022
5ff8da7c0a7214adca0000201	4011	5ff8da7c0a7214adca000020
5ff8da650a7214adca00001e1	075925306254	5ff8da650a7214adca00001e
5ff8da650a7214adca00001e2	075925306254	5ff8da650a7214adca00001e
5ff8da650a7214adca00001e3	034100573065	5ff8da650a7214adca00001e
5ff8da650a7214adca00001e4	034100573065	5ff8da650a7214adca00001e
5ff8da540a7214adca0000171	4011	5ff8da540a7214adca000017
5ff8da540a7214adca0000172	1234	5ff8da540a7214adca000017
5ff873f10a720f052300064f1	034100573065	5ff873f10a720f052300064f
5ff873f10a720f052300064f2	034100573065	5ff873f10a720f052300064f
5ff873f10a720f052300064f3	034100573065	5ff873f10a720f052300064f
5ff873f10a720f052300064f4	034100573065	5ff873f10a720f052300064f
5ff873f10a720f052300064f5	034100573065	5ff873f10a720f052300064f
5ff873f10a720f052300064f6	034100573065	5ff873f10a720f052300064f
5ff873f10a720f052300064f7	034100573065	5ff873f10a720f052300064f
5ff873f10a720f052300064f8	034100573065	5ff873f10a720f052300064f
5ff873f10a720f052300064f9	034100573065	5ff873f10a720f052300064f
5ff873f10a720f052300064f10	034100573065	5ff873f10a720f052300064f
5ff874170a7214ada100065f1	016000156234	5ff874170a7214ada100065f
5ff8da680a720f05c50000191	4011	5ff8da680a720f05c5000019
5ff873e30a720f052300064c1	4011	5ff873e30a720f052300064c
5ff8cea10a7214adca00000b1	4011	5ff8cea10a7214adca00000b
5ff8cea10a7214adca00000b2	1234	5ff8cea10a7214adca00000b
5ff874050a7214ada100065d1	4011	5ff874050a7214ada100065d
5ff874050a7214ada100065d2	1234	5ff874050a7214ada100065d
5ff8da620a7214adca00001d1	075925306254	5ff8da620a7214adca00001d
5ff8da820a720f05c50000201	4011	5ff8da820a720f05c5000020
5ff8da390a7214adca0000131	305210154278	5ff8da390a7214adca000013
5ff873df0a7214ada10006521	4011	5ff873df0a7214ada1000652
5ff8da7f0a7214adca0000221	4011	5ff8da7f0a7214adca000022
5ff8da7f0a720f05c500001d1	4011	5ff8da7f0a720f05c500001d
5ff8da800a720f05c500001e1	4011	5ff8da800a720f05c500001e
5ff8c4fb0a7214adca0000061	001111132666	5ff8c4fb0a7214adca000006
5fa5b0ca0a720f05ef0000bf1	075925306254	5fa5b0ca0a720f05ef0000bf
5fa5b0ca0a720f05ef0000bf2	075925306254	5fa5b0ca0a720f05ef0000bf
5fa5b0ca0a720f05ef0000bf3	034100573065	5fa5b0ca0a720f05ef0000bf
5fa5b0ca0a720f05ef0000bf4	034100573065	5fa5b0ca0a720f05ef0000bf
5fa5b0ca0a720f05ef0000bf5	034100573065	5fa5b0ca0a720f05ef0000bf
5ff873f90a720f05230006511	4011	5ff873f90a720f0523000651
5ff873d40a720f05230006441	4011	5ff873d40a720f0523000644
5ff8c3a20a7214adca0000051	089203700016	5ff8c3a20a7214adca000005
5ff8da550a720f05c50000141	4011	5ff8da550a720f05c5000014
5ff8da550a720f05c50000142	1234	5ff8da550a720f05c5000014
5ffcb4d40a7214ad4e0000171	079400245328	5ffcb4d40a7214ad4e000017
5ffc8ffc0a720f05c50000361	4011	5ffc8ffc0a720f05c5000036
5ffc9d8c0a7214adca0000491	075925306254	5ffc9d8c0a7214adca000049
5ffc9da40a7214adca0000501	4011	5ffc9da40a7214adca000050
5ffc9daa0a7214adca0000541	001111147332	5ffc9daa0a7214adca000054
5ffc9da10a720f05c50000431	4011	5ffc9da10a720f05c5000043
5ffcb4b90a720f051500000c1	4011	5ffcb4b90a720f051500000c
5ffcb4900a720f05150000021	034100573065	5ffcb4900a720f0515000002
5ffcb4900a720f05150000022	034100573065	5ffcb4900a720f0515000002
5ffcb4900a720f05150000023	034100573065	5ffcb4900a720f0515000002
5ffcb4900a720f05150000024	034100573065	5ffcb4900a720f0515000002
5ffcb4900a720f05150000025	034100573065	5ffcb4900a720f0515000002
5ffcb4900a720f05150000026	034100573065	5ffcb4900a720f0515000002
5ffcb4900a720f05150000027	034100573065	5ffcb4900a720f0515000002
5ffcb4900a720f05150000028	034100573065	5ffcb4900a720f0515000002
5ffcb4900a720f05150000029	034100573065	5ffcb4900a720f0515000002
5ffcb4900a720f051500000210	034100573065	5ffcb4900a720f0515000002
5ffc8fa40a720f05c50000281	4011	5ffc8fa40a720f05c5000028
5ffc8fa40a720f05c50000282	1234	5ffc8fa40a720f05c5000028
5ffc8fe80a720f05c50000311	4011	5ffc8fe80a720f05c5000031
5ffc9da10a7214adca00004d1	4011	5ffc9da10a7214adca00004d
5ffc9dc60a7214adca00005a2	051500720011	5ffc9dc60a7214adca00005a
5ffcb48d0a7214ad4e0000021	075925306254	5ffcb48d0a7214ad4e000002
5ffc9da20a7214adca00004e1	4011	5ffc9da20a7214adca00004e
5ffc9dd00a720f05c50000511	4011	5ffc9dd00a720f05c5000051
5ffcb4ad0a720f05150000091	4011	5ffcb4ad0a720f0515000009
5ffcb4ad0a720f05150000092	1234	5ffcb4ad0a720f0515000009
5ffcb4c10a7214ad4e0000141	4011	5ffcb4c10a7214ad4e000014
5ffc9d9d0a720f05c50000421	4011	5ffc9d9d0a720f05c5000042
5ffc9d9c0a7214adca00004b1	4011	5ffc9d9c0a7214adca00004b
5ffc8fa10a7214adca00002e1	4011	5ffc8fa10a7214adca00002e
5ffc8fa10a7214adca00002e2	1234	5ffc8fa10a7214adca00002e
5ffcb4c90a7214ad4e0000161	079400245328	5ffcb4c90a7214ad4e000016
5ffcb4b80a7214ad4e00000d1	4011	5ffcb4b80a7214ad4e00000d
5ffcb4a20a720f05150000061	4011	5ffcb4a20a720f0515000006
5ffcb4a20a720f05150000062	1234	5ffcb4a20a720f0515000006
5ffc8f990a7214adca00002d1	079400236425	5ffc8f990a7214adca00002d
5ffc8f990a7214adca00002d2	016000493025	5ffc8f990a7214adca00002d
5fff26c20a7214ad4c00000a1	4011	5fff26c20a7214ad4c00000a
5fff0f630a7214ad28006e2d1	043000066706	5fff0f630a7214ad28006e2d
5fff56370a720f05f30000331	043000000175	5fff56370a720f05f3000033
5fff4ca00a7214ad4c0000291	043000082294	5fff4ca00a7214ad4c000029
5fff4ca00a7214ad4c0000292	043000082294	5fff4ca00a7214ad4c000029
5fff4ca00a7214ad4c0000293	043000082294	5fff4ca00a7214ad4c000029
5fff4ca00a7214ad4c0000294	043000082294	5fff4ca00a7214ad4c000029
5fff4ca00a7214ad4c0000295	043000082294	5fff4ca00a7214ad4c000029
5fff4ca00a7214ad4c0000296	043000082294	5fff4ca00a7214ad4c000029
5fff4ca00a7214ad4c0000297	043000082294	5fff4ca00a7214ad4c000029
5fff4ca00a7214ad4c0000298	043000082294	5fff4ca00a7214ad4c000029
5fff4ca00a7214ad4c0000299	043000082294	5fff4ca00a7214ad4c000029
5fff26ee0a720f05f300001a1	4011	5fff26ee0a720f05f300001a
5fff4c910a720f05f30000261	043000955628	5fff4c910a720f05f3000026
5fff4c910a720f05f30000262	043000955628	5fff4c910a720f05f3000026
5fff4c910a720f05f30000263	043000955628	5fff4c910a720f05f3000026
5fff4c910a720f05f30000264	043000955628	5fff4c910a720f05f3000026
5fff4c910a720f05f30000265	043000955628	5fff4c910a720f05f3000026
5ffe17e20a720f05ac0000e71	072785048119	5ffe17e20a720f05ac0000e7
5fff561b0a720f05f300002e1	043000206515	5fff561b0a720f05f300002e
5fff26fd0a720f05f300001d1	4011	5fff26fd0a720f05f300001d
5fff26fb0a7214ad4c0000191	079400066619	5fff26fb0a7214ad4c000019
5fff564a0a7214ad4c0000301	043000061978	5fff564a0a7214ad4c000030
5fff4c8e0a720f05f30000251	044700071533	5fff4c8e0a720f05f3000025
5fff4c810a720f05f30000231	025800026302	5fff4c810a720f05f3000023
5fff4c8a0a7214ad4c0000251	021000007660	5fff4c8a0a7214ad4c000025
5fff4c8a0a7214ad4c0000252	021000007660	5fff4c8a0a7214ad4c000025
5fff4c8a0a7214ad4c0000253	021000007660	5fff4c8a0a7214ad4c000025
5fff4c8a0a7214ad4c0000254	021000007660	5fff4c8a0a7214ad4c000025
5fff4c8a0a7214ad4c0000255	021000007660	5fff4c8a0a7214ad4c000025
5fff4c8c0a7214ad4c0000261	070085035006	5fff4c8c0a7214ad4c000026
5fff4c8c0a7214ad4c0000262	070085035006	5fff4c8c0a7214ad4c000026
5fff4c8c0a7214ad4c0000263	070085035006	5fff4c8c0a7214ad4c000026
5fff4c8c0a7214ad4c0000264	070085035006	5fff4c8c0a7214ad4c000026
5fff4c8c0a7214ad4c0000265	070085035006	5fff4c8c0a7214ad4c000026
5fff564d0a720f05f30000381	686924820858	5fff564d0a720f05f3000038
5fff564d0a720f05f30000382	686924820858	5fff564d0a720f05f3000038
5fff564d0a720f05f30000383	686924820858	5fff564d0a720f05f3000038
5fff564d0a720f05f30000384	686924820858	5fff564d0a720f05f3000038
5fff564d0a720f05f30000385	686924820858	5fff564d0a720f05f3000038
5fff26cb0a7214ad4c00000e1	798813118547	5fff26cb0a7214ad4c00000e
5fff26cb0a7214ad4c00000e2	077567000637	5fff26cb0a7214ad4c00000e
5fff4ca90a720f05f300002a1	021000068159	5fff4ca90a720f05f300002a
5fff0f8c0a7214ad28006e321	021000648863	5fff0f8c0a7214ad28006e32
5fff26990a720f05f300000b1	013562300631	5fff26990a720f05f300000b
5fff26c40a720f05f30000141	4011	5fff26c40a720f05f3000014
5fff26d70a7214ad4c00000f1	4011	5fff26d70a7214ad4c00000f
5fff26d70a7214ad4c00000f2	1234	5fff26d70a7214ad4c00000f
5fff26c60a7214ad4c00000c1	4011	5fff26c60a7214ad4c00000c
5fff0f990a7214ad28006e361	029000023666	5fff0f990a7214ad28006e36
5fff566e0a720f05f300003f1	043000078488	5fff566e0a720f05f300003f
5fff566e0a720f05f300003f2	043000078488	5fff566e0a720f05f300003f
5fff566e0a720f05f300003f3	043000078488	5fff566e0a720f05f300003f
5fff566e0a720f05f300003f4	043000078488	5fff566e0a720f05f300003f
5fff566e0a720f05f300003f5	043000078488	5fff566e0a720f05f300003f
5fff26f10a7214ad4c0000181	034100573065	5fff26f10a7214ad4c000018
5fff26f10a7214ad4c0000182	034100573065	5fff26f10a7214ad4c000018
5fff26f10a7214ad4c0000183	034100573065	5fff26f10a7214ad4c000018
5fff26f10a7214ad4c0000184	034100573065	5fff26f10a7214ad4c000018
5fff26f10a7214ad4c0000185	034100573065	5fff26f10a7214ad4c000018
5fff26f10a7214ad4c0000186	034100573065	5fff26f10a7214ad4c000018
5fff26f10a7214ad4c0000187	034100573065	5fff26f10a7214ad4c000018
5fff26f10a7214ad4c0000188	034100573065	5fff26f10a7214ad4c000018
5fff26f10a7214ad4c0000189	034100573065	5fff26f10a7214ad4c000018
5fff26f10a7214ad4c00001810	034100573065	5fff26f10a7214ad4c000018
5fff4c710a7214ad4c00001d1	022174070214	5fff4c710a7214ad4c00001d
5fff562e0a720f05f300002f1	022174070214	5fff562e0a720f05f300002f
5fff4c960a720f05f30000271	043000071182	5fff4c960a720f05f3000027
5fff4c960a720f05f30000272	043000071182	5fff4c960a720f05f3000027
5fff4c960a720f05f30000273	043000071182	5fff4c960a720f05f3000027
5fff4c960a720f05f30000274	043000071182	5fff4c960a720f05f3000027
5fff4c7d0a720f05f30000221	043000062760	5fff4c7d0a720f05f3000022
6000b8770a720f05f30000691	022174070214	6000b8770a720f05f3000069
6000d4b10a720f05f30000761	4011	6000d4b10a720f05f3000076
6000b8840a720f05f300006c1	021000725403	6000b8840a720f05f300006c
6000b8280a720f05f30000611	021000024858	6000b8280a720f05f3000061
6000b8280a720f05f30000612	021000024858	6000b8280a720f05f3000061
6000b8280a720f05f30000613	021000024858	6000b8280a720f05f3000061
6000b8280a720f05f30000614	021000024858	6000b8280a720f05f3000061
6000b8280a720f05f30000615	021000024858	6000b8280a720f05f3000061
6000b8810a7214ad4c00005e1	044700076422	6000b8810a7214ad4c00005e
6000d48d0a7214ad4c0000631	013562300631	6000d48d0a7214ad4c000063
6000d4b00a7214ad4c00006c1	4011	6000d4b00a7214ad4c00006c
6000d4d30a720f05f30000812	051500720011	6000d4d30a720f05f3000081
6000b87d0a7214ad4c00005d1	051600001003	6000b87d0a7214ad4c00005d
6000b2be0a7214ad4c00004d1	076840100354	6000b2be0a7214ad4c00004d
6000b2be0a7214ad4c00004d3	036000391718	6000b2be0a7214ad4c00004d
6000b2be0a7214ad4c00004d6	036000391718	6000b2be0a7214ad4c00004d
6000b2be0a7214ad4c00004d7	311111511867	6000b2be0a7214ad4c00004d
6000b2be0a7214ad4c00004d8	076840100354	6000b2be0a7214ad4c00004d
6000c8460a720f05f300006f2	041000022623	6000c8460a720f05f300006f
6000c8460a720f05f300006f4	076840580750	6000c8460a720f05f300006f
6000c8460a720f05f300006f5	076840580750	6000c8460a720f05f300006f
6000c8460a720f05f300006f6	076840100354	6000c8460a720f05f300006f
6000c8460a720f05f300006f7	076840100354	6000c8460a720f05f300006f
6000d4ae0a720f05f30000751	4011	6000d4ae0a720f05f3000075
6000b9b70a720f05f300006d4	036000391718	6000b9b70a720f05f300006d
6000b9b70a720f05f300006d5	028435383253	6000b9b70a720f05f300006d
6000b9b70a720f05f300006d8	076840100354	6000b9b70a720f05f300006d
600056de0a720f05f30000491	070470137735	600056de0a720f05f3000049
600056de0a720f05f30000492	011111326231	600056de0a720f05f3000049
6000b82f0a720f05f30000631	043000000199	6000b82f0a720f05f3000063
6000b82f0a720f05f30000632	043000000199	6000b82f0a720f05f3000063
6000b82f0a720f05f30000633	043000000199	6000b82f0a720f05f3000063
6000b82f0a720f05f30000634	043000000199	6000b82f0a720f05f3000063
6000b82f0a720f05f30000635	043000000199	6000b82f0a720f05f3000063
6000d4810a720f05f30000701	4011	6000d4810a720f05f3000070
6000d4810a720f05f30000702	028400642255	6000d4810a720f05f3000070
600057040a7214ad4c0000411	4011	600057040a7214ad4c000041
6000d4ba0a720f05f300007a1	075925306254	6000d4ba0a720f05f300007a
600056d60a720f05f30000471	075925306254	600056d60a720f05f3000047
600056d60a720f05f30000472	075925306254	600056d60a720f05f3000047
600056d60a720f05f30000473	034100573065	600056d60a720f05f3000047
600056d60a720f05f30000474	034100573065	600056d60a720f05f3000047
6000d4900a7214ad4c0000641	822142991523	6000d4900a7214ad4c000064
6000d4bc0a7214ad4c0000701	034100573065	6000d4bc0a7214ad4c000070
6000d4bc0a7214ad4c0000702	034100573065	6000d4bc0a7214ad4c000070
6000d4bc0a7214ad4c0000703	034100573065	6000d4bc0a7214ad4c000070
6000d4bc0a7214ad4c0000704	034100573065	6000d4bc0a7214ad4c000070
6000d4bc0a7214ad4c0000705	034100573065	6000d4bc0a7214ad4c000070
6000d4bc0a7214ad4c0000706	034100573065	6000d4bc0a7214ad4c000070
6000d4bc0a7214ad4c0000707	034100573065	6000d4bc0a7214ad4c000070
6000d4bc0a7214ad4c0000708	034100573065	6000d4bc0a7214ad4c000070
6000d4bc0a7214ad4c0000709	034100573065	6000d4bc0a7214ad4c000070
6000d4bc0a7214ad4c00007010	034100573065	6000d4bc0a7214ad4c000070
6000d4ac0a7214ad4c0000691	4011	6000d4ac0a7214ad4c000069
600056da0a720f05f30000481	4011	600056da0a720f05f3000048
600056da0a720f05f30000482	028400642255	600056da0a720f05f3000048
6000b8590a7214ad4c0000571	043000043790	6000b8590a7214ad4c000057
6000b8590a7214ad4c0000572	043000043790	6000b8590a7214ad4c000057
6000b8590a7214ad4c0000573	043000043790	6000b8590a7214ad4c000057
6000b8590a7214ad4c0000574	043000043790	6000b8590a7214ad4c000057
600056ea0a720f05f300004b1	4011	600056ea0a720f05f300004b
600206000a720f05f30000873	036632011077	600206000a720f05f3000087
600206000a720f05f30000877	075706191031	600206000a720f05f3000087
600206000a720f05f30000879	019600920106	600206000a720f05f3000087
600206000a720f05f300008711	028189000079	600206000a720f05f3000087
600206000a720f05f300008712	754500326305	600206000a720f05f3000087
600206000a720f05f300008716	058496723002	600206000a720f05f3000087
600206000a720f05f300008717	058449450023	600206000a720f05f3000087
600206000a720f05f300008718	075450093070	600206000a720f05f3000087
600206000a720f05f300008719	048500256763	600206000a720f05f3000087
600206000a720f05f300008720	4816	600206000a720f05f3000087
600206000a720f05f300008722	4166	600206000a720f05f3000087
600206000a720f05f300008723	075450120400	600206000a720f05f3000087
600206000a720f05f300008725	036632011077	600206000a720f05f3000087
600206000a720f05f300008726	754500797204	600206000a720f05f3000087
600206000a720f05f300008728	075450085150	600206000a720f05f3000087
600206000a720f05f300008730	071007023095	600206000a720f05f3000087
600206000a720f05f300008731	072310001459	600206000a720f05f3000087
600206000a720f05f300008733	754502285808	600206000a720f05f3000087
600206000a720f05f300008735	041390024368	600206000a720f05f3000087
600206000a720f05f300008737	511111204206	600206000a720f05f3000087
600206000a720f05f300008738	043000716021	600206000a720f05f3000087
600206000a720f05f300008739	044500341720	600206000a720f05f3000087
600206000a720f05f300008740	754500958803	600206000a720f05f3000087
600206000a720f05f300008742	024105590051	600206000a720f05f3000087
600206000a720f05f300008743	21251000000	600206000a720f05f3000087
600206000a720f05f300008745	4060	600206000a720f05f3000087
600206000a720f05f300008747	048500052020	600206000a720f05f3000087
600206000a720f05f300008749	4069	600206000a720f05f3000087
600206000a720f05f300008751	4093	600206000a720f05f3000087
600206000a720f05f300008753	754500973400	600206000a720f05f3000087
600206000a720f05f300008754	075450079760	600206000a720f05f3000087
600206000a720f05f300008755	754500947807	600206000a720f05f3000087
600206000a720f05f300008758	075450085150	600206000a720f05f3000087
600206000a720f05f300008761	039400015031	600206000a720f05f3000087
600206000a720f05f300008762	025500204215	600206000a720f05f3000087
600206000a720f05f300008763	754501311409	600206000a720f05f3000087
600206000a720f05f300008765	754502285808	600206000a720f05f3000087
600206000a720f05f300008766	754500355602	600206000a720f05f3000087
600206000a720f05f300008768	018627030010	600206000a720f05f3000087
600206000a720f05f300008769	041000004087	600206000a720f05f3000087
600206000a720f05f300008770	058449450023	600206000a720f05f3000087
600206000a720f05f300008772	044500341720	600206000a720f05f3000087
600206000a720f05f300008774	024105590051	600206000a720f05f3000087
600206000a720f05f300008775	021000604647	600206000a720f05f3000087
600206000a720f05f300008776	21251000000	600206000a720f05f3000087
600206000a720f05f300008780	071146002487	600206000a720f05f3000087
600208270a720f05f30000883	036632011077	600208270a720f05f3000088
600208270a720f05f30000887	075706191031	600208270a720f05f3000088
600208270a720f05f30000889	019600920106	600208270a720f05f3000088
600208270a720f05f300008811	028189000079	600208270a720f05f3000088
600208270a720f05f300008812	754500326305	600208270a720f05f3000088
600208270a720f05f300008816	058496723002	600208270a720f05f3000088
600208270a720f05f300008817	058449450023	600208270a720f05f3000088
600208270a720f05f300008818	075450093070	600208270a720f05f3000088
600208270a720f05f300008819	048500256763	600208270a720f05f3000088
600208270a720f05f300008820	4816	600208270a720f05f3000088
600208270a720f05f300008822	4166	600208270a720f05f3000088
600208270a720f05f300008823	075450120400	600208270a720f05f3000088
600208270a720f05f300008825	036632011077	600208270a720f05f3000088
600208270a720f05f300008826	754500797204	600208270a720f05f3000088
600208270a720f05f300008828	075450085150	600208270a720f05f3000088
600208270a720f05f300008830	071007023095	600208270a720f05f3000088
600208270a720f05f300008831	072310001459	600208270a720f05f3000088
600208270a720f05f300008833	754502285808	600208270a720f05f3000088
600208270a720f05f300008835	754501734109	600208270a720f05f3000088
600208270a720f05f300008837	511111204206	600208270a720f05f3000088
600208270a720f05f300008838	043000716021	600208270a720f05f3000088
600208270a720f05f300008839	044500341720	600208270a720f05f3000088
600208270a720f05f300008840	754500958803	600208270a720f05f3000088
600208270a720f05f300008842	024105590051	600208270a720f05f3000088
600208270a720f05f300008843	21251000000	600208270a720f05f3000088
600208270a720f05f300008845	4060	600208270a720f05f3000088
600208270a720f05f300008847	048500052020	600208270a720f05f3000088
600208270a720f05f300008849	4069	600208270a720f05f3000088
600208270a720f05f300008851	4093	600208270a720f05f3000088
600208270a720f05f300008853	754500973400	600208270a720f05f3000088
600208270a720f05f300008854	075450079760	600208270a720f05f3000088
600208270a720f05f300008855	754500947807	600208270a720f05f3000088
600208270a720f05f300008858	075450085150	600208270a720f05f3000088
600208270a720f05f300008862	025500204215	600208270a720f05f3000088
600208270a720f05f300008863	754501311409	600208270a720f05f3000088
600208270a720f05f300008865	754502285808	600208270a720f05f3000088
600208270a720f05f300008866	754500355602	600208270a720f05f3000088
600208270a720f05f300008868	018627030010	600208270a720f05f3000088
600208270a720f05f300008869	041000004087	600208270a720f05f3000088
600208270a720f05f300008870	058449450023	600208270a720f05f3000088
600208270a720f05f300008872	044500341720	600208270a720f05f3000088
600208270a720f05f300008874	024105590051	600208270a720f05f3000088
600208270a720f05f300008875	021000604647	600208270a720f05f3000088
600208270a720f05f300008876	21251000000	600208270a720f05f3000088
600208270a720f05f300008877	071430010051	600208270a720f05f3000088
600208270a720f05f300008880	071146002487	600208270a720f05f3000088
600208270a720f05f300008885	754500638101	600208270a720f05f3000088
600208270a720f05f300008887	511111001485	600208270a720f05f3000088
600208270a720f05f300008888	305731769135	600208270a720f05f3000088
600208270a720f05f300008890	048000007070	600208270a720f05f3000088
600208270a720f05f300008892	015300430594	600208270a720f05f3000088
600208270a720f05f300008894	511111001485	600208270a720f05f3000088
600208270a720f05f300008895	009800300037	600208270a720f05f3000088
600208270a720f05f300008898	754500990209	600208270a720f05f3000088
600208270a720f05f300008899	014113911979	600208270a720f05f3000088
600373700a720f05f30000911	076840580750	600373700a720f05f3000091
600373700a720f05f30000912	028435383253	600373700a720f05f3000091
600373700a720f05f30000914	076840100354	600373700a720f05f3000091
600373700a720f05f30000915	076840100354	600373700a720f05f3000091
600373700a720f05f30000919	036632011077	600373700a720f05f3000091
600373700a720f05f300009113	075706191031	600373700a720f05f3000091
600373700a720f05f300009114	028800296737	600373700a720f05f3000091
600373700a720f05f300009115	019600920106	600373700a720f05f3000091
600373700a720f05f300009117	028189000079	600373700a720f05f3000091
600373700a720f05f300009122	058496723002	600373700a720f05f3000091
600373700a720f05f300009123	058449450023	600373700a720f05f3000091
600373700a720f05f300009125	048500256763	600373700a720f05f3000091
600373700a720f05f300009126	4816	600373700a720f05f3000091
600373700a720f05f300009128	4166	600373700a720f05f3000091
600373700a720f05f300009129	071100007299	600373700a720f05f3000091
600373700a720f05f300009131	036632011077	600373700a720f05f3000091
600373700a720f05f300009136	071007023095	600373700a720f05f3000091
600373700a720f05f300009137	072310001459	600373700a720f05f3000091
600373700a720f05f300009141	041390024368	600373700a720f05f3000091
600373700a720f05f300009143	511111204206	600373700a720f05f3000091
600373700a720f05f300009144	043000716021	600373700a720f05f3000091
600373700a720f05f300009145	044500341720	600373700a720f05f3000091
600373700a720f05f300009148	024105590051	600373700a720f05f3000091
600373700a720f05f300009149	21251000000	600373700a720f05f3000091
600373700a720f05f300009151	4060	600373700a720f05f3000091
600373700a720f05f300009153	048500052020	600373700a720f05f3000091
600373700a720f05f300009155	4069	600373700a720f05f3000091
600373700a720f05f300009157	4093	600373700a720f05f3000091
600373700a720f05f300009160	036632037541	600373700a720f05f3000091
600373700a720f05f300009161	036632013095	600373700a720f05f3000091
600373700a720f05f300009167	039400015031	600373700a720f05f3000091
600373700a720f05f300009168	025500204215	600373700a720f05f3000091
600373700a720f05f300009169	084114111722	600373700a720f05f3000091
600373700a720f05f300009170	511111104537	600373700a720f05f3000091
600373700a720f05f300009174	018627030010	600373700a720f05f3000091
600373700a720f05f300009175	041000004087	600373700a720f05f3000091
600373700a720f05f300009176	058449450023	600373700a720f05f3000091
600373700a720f05f300009178	044500341720	600373700a720f05f3000091
600373700a720f05f300009180	024105590051	600373700a720f05f3000091
600373700a720f05f300009181	021000604647	600373700a720f05f3000091
600373700a720f05f300009182	21251000000	600373700a720f05f3000091
600373700a720f05f300009183	071430010051	600373700a720f05f3000091
600373700a720f05f300009186	071146002487	600373700a720f05f3000091
600373700a720f05f300009194	511111001485	600373700a720f05f3000091
600373700a720f05f300009195	305731769135	600373700a720f05f3000091
600373700a720f05f300009197	048000007070	600373700a720f05f3000091
600373700a720f05f300009199	015300430594	600373700a720f05f3000091
600373700a720f05f3000091101	511111001485	600373700a720f05f3000091
600373700a720f05f3000091102	009800300037	600373700a720f05f3000091
600373700a720f05f3000091106	014113910026	600373700a720f05f3000091
600373700a720f05f3000091107	076840100354	600373700a720f05f3000091
600373700a720f05f3000091108	076840580750	600373700a720f05f3000091
600373700a720f05f3000091109	041000022623	600373700a720f05f3000091
600373700a720f05f3000091110	041000022623	600373700a720f05f3000091
600373700a720f05f3000091112	036000391718	600373700a720f05f3000091
600373700a720f05f3000091113	036000391718	600373700a720f05f3000091
600373700a720f05f3000091114	076840100354	600373700a720f05f3000091
600373700a720f05f3000091115	076840100354	600373700a720f05f3000091
600373700a720f05f3000091116	036000391718	600373700a720f05f3000091
600373700a720f05f3000091118	041000022623	600373700a720f05f3000091
600373700a720f05f3000091126	012000809941	600373700a720f05f3000091
600373700a720f05f3000091127	815473013279	600373700a720f05f3000091
600373700a720f05f3000091128	036000391718	600373700a720f05f3000091
600373700a720f05f3000091136	076840100354	600373700a720f05f3000091
600373700a720f05f3000091137	076840100354	600373700a720f05f3000091
600373700a720f05f3000091138	815473013279	600373700a720f05f3000091
600373700a720f05f3000091140	028400642033	600373700a720f05f3000091
60023e8f0a720f05f300008b3	036632011077	60023e8f0a720f05f300008b
60023e8f0a720f05f300008b7	075706191031	60023e8f0a720f05f300008b
60023e8f0a720f05f300008b9	019600920106	60023e8f0a720f05f300008b
60023e8f0a720f05f300008b11	028189000079	60023e8f0a720f05f300008b
60023e8f0a720f05f300008b12	754500326305	60023e8f0a720f05f300008b
60023e8f0a720f05f300008b16	058496723002	60023e8f0a720f05f300008b
60023e8f0a720f05f300008b17	058449450023	60023e8f0a720f05f300008b
60023e8f0a720f05f300008b18	075450093070	60023e8f0a720f05f300008b
60023e8f0a720f05f300008b19	048500256763	60023e8f0a720f05f300008b
60023e8f0a720f05f300008b20	4816	60023e8f0a720f05f300008b
60023e8f0a720f05f300008b22	4166	60023e8f0a720f05f300008b
60023e8f0a720f05f300008b23	075450120400	60023e8f0a720f05f300008b
60023e8f0a720f05f300008b25	036632011077	60023e8f0a720f05f300008b
60023e8f0a720f05f300008b26	754500797204	60023e8f0a720f05f300008b
60023e8f0a720f05f300008b28	075450085150	60023e8f0a720f05f300008b
60023e8f0a720f05f300008b30	071007023095	60023e8f0a720f05f300008b
60023e8f0a720f05f300008b31	072310001459	60023e8f0a720f05f300008b
60023e8f0a720f05f300008b33	754502285808	60023e8f0a720f05f300008b
60023e8f0a720f05f300008b35	041390024368	60023e8f0a720f05f300008b
60023e8f0a720f05f300008b37	511111204206	60023e8f0a720f05f300008b
60023e8f0a720f05f300008b38	043000716021	60023e8f0a720f05f300008b
60023e8f0a720f05f300008b39	044500341720	60023e8f0a720f05f300008b
60023e8f0a720f05f300008b40	754500958803	60023e8f0a720f05f300008b
60023e8f0a720f05f300008b42	024105590051	60023e8f0a720f05f300008b
60023e8f0a720f05f300008b43	21251000000	60023e8f0a720f05f300008b
60023e8f0a720f05f300008b45	4060	60023e8f0a720f05f300008b
60023e8f0a720f05f300008b47	048500052020	60023e8f0a720f05f300008b
60023e8f0a720f05f300008b49	4069	60023e8f0a720f05f300008b
60023e8f0a720f05f300008b51	4093	60023e8f0a720f05f300008b
60023e8f0a720f05f300008b53	754500973400	60023e8f0a720f05f300008b
60023e8f0a720f05f300008b54	075450079760	60023e8f0a720f05f300008b
60023e8f0a720f05f300008b55	754500947807	60023e8f0a720f05f300008b
60023e8f0a720f05f300008b58	075450085150	60023e8f0a720f05f300008b
60023e8f0a720f05f300008b61	039400015031	60023e8f0a720f05f300008b
60023e8f0a720f05f300008b62	025500204215	60023e8f0a720f05f300008b
60023e8f0a720f05f300008b63	754501311409	60023e8f0a720f05f300008b
60023e8f0a720f05f300008b65	754502285808	60023e8f0a720f05f300008b
60023e8f0a720f05f300008b66	754500355602	60023e8f0a720f05f300008b
60023e8f0a720f05f300008b68	018627030010	60023e8f0a720f05f300008b
60023e8f0a720f05f300008b69	041000004087	60023e8f0a720f05f300008b
60023e8f0a720f05f300008b70	058449450023	60023e8f0a720f05f300008b
60023e8f0a720f05f300008b72	044500341720	60023e8f0a720f05f300008b
60023e8f0a720f05f300008b74	024105590051	60023e8f0a720f05f300008b
60023e8f0a720f05f300008b75	021000604647	60023e8f0a720f05f300008b
60023e8f0a720f05f300008b76	21251000000	60023e8f0a720f05f300008b
60023e8f0a720f05f300008b77	071430010051	60023e8f0a720f05f300008b
60023e8f0a720f05f300008b80	071146002487	60023e8f0a720f05f300008b
60023e8f0a720f05f300008b85	754500638101	60023e8f0a720f05f300008b
60023e8f0a720f05f300008b87	511111001485	60023e8f0a720f05f300008b
60023e8f0a720f05f300008b88	305731769135	60023e8f0a720f05f300008b
60023e8f0a720f05f300008b90	048000007070	60023e8f0a720f05f300008b
60023e8f0a720f05f300008b92	015300430594	60023e8f0a720f05f300008b
60023e8f0a720f05f300008b94	511111001485	60023e8f0a720f05f300008b
60023e8f0a720f05f300008b95	009800300037	60023e8f0a720f05f300008b
60023e8f0a720f05f300008b98	754500990209	60023e8f0a720f05f300008b
60023e8f0a720f05f300008b99	014113910026	60023e8f0a720f05f300008b
60023e8f0a720f05f300008b100	036000391718	60023e8f0a720f05f300008b
60023e8f0a720f05f300008b102	028400643061	60023e8f0a720f05f300008b
60023e8f0a720f05f300008b104	036000391718	60023e8f0a720f05f300008b
60023e8f0a720f05f300008b108	028400642033	60023e8f0a720f05f300008b
60023e8f0a720f05f300008b109	028400642033	60023e8f0a720f05f300008b
60023e8f0a720f05f300008b111	815473013279	60023e8f0a720f05f300008b
60023e8f0a720f05f300008b112	041000022623	60023e8f0a720f05f300008b
60023e8f0a720f05f300008b113	076840580750	60023e8f0a720f05f300008b
60023e8f0a720f05f300008b115	076840580750	60023e8f0a720f05f300008b
60023e8f0a720f05f300008b116	076840580750	60023e8f0a720f05f300008b
60023e8f0a720f05f300008b119	076840580750	60023e8f0a720f05f300008b
60023e8f0a720f05f300008b125	815473013279	60023e8f0a720f05f300008b
60023e8f0a720f05f300008b126	815473013279	60023e8f0a720f05f300008b
60020d2a0a720f05f300008a3	036632011077	60020d2a0a720f05f300008a
60020d2a0a720f05f300008a7	075706191031	60020d2a0a720f05f300008a
60020d2a0a720f05f300008a9	019600920106	60020d2a0a720f05f300008a
60020d2a0a720f05f300008a11	028189000079	60020d2a0a720f05f300008a
60020d2a0a720f05f300008a12	754500326305	60020d2a0a720f05f300008a
60020d2a0a720f05f300008a16	058496723002	60020d2a0a720f05f300008a
60020d2a0a720f05f300008a17	058449450023	60020d2a0a720f05f300008a
60020d2a0a720f05f300008a18	075450093070	60020d2a0a720f05f300008a
60020d2a0a720f05f300008a19	048500256763	60020d2a0a720f05f300008a
60020d2a0a720f05f300008a20	4816	60020d2a0a720f05f300008a
60020d2a0a720f05f300008a22	4166	60020d2a0a720f05f300008a
60020d2a0a720f05f300008a23	075450120400	60020d2a0a720f05f300008a
60020d2a0a720f05f300008a25	036632011077	60020d2a0a720f05f300008a
60020d2a0a720f05f300008a26	754500797204	60020d2a0a720f05f300008a
60020d2a0a720f05f300008a28	075450085150	60020d2a0a720f05f300008a
60020d2a0a720f05f300008a30	071007023095	60020d2a0a720f05f300008a
60020d2a0a720f05f300008a31	072310001459	60020d2a0a720f05f300008a
60020d2a0a720f05f300008a33	754502285808	60020d2a0a720f05f300008a
60020d2a0a720f05f300008a35	041390024368	60020d2a0a720f05f300008a
60020d2a0a720f05f300008a37	511111204206	60020d2a0a720f05f300008a
60020d2a0a720f05f300008a38	043000716021	60020d2a0a720f05f300008a
60020d2a0a720f05f300008a39	044500341720	60020d2a0a720f05f300008a
60020d2a0a720f05f300008a40	754500958803	60020d2a0a720f05f300008a
60020d2a0a720f05f300008a42	024105590051	60020d2a0a720f05f300008a
60020d2a0a720f05f300008a43	21251000000	60020d2a0a720f05f300008a
60020d2a0a720f05f300008a45	4060	60020d2a0a720f05f300008a
60020d2a0a720f05f300008a47	048500052020	60020d2a0a720f05f300008a
60020d2a0a720f05f300008a49	4069	60020d2a0a720f05f300008a
60020d2a0a720f05f300008a51	4093	60020d2a0a720f05f300008a
60020d2a0a720f05f300008a53	754500973400	60020d2a0a720f05f300008a
60020d2a0a720f05f300008a54	075450079760	60020d2a0a720f05f300008a
60020d2a0a720f05f300008a55	754500947807	60020d2a0a720f05f300008a
60020d2a0a720f05f300008a56	689544081937	60020d2a0a720f05f300008a
60020d2a0a720f05f300008a57	075450085150	60020d2a0a720f05f300008a
60020d2a0a720f05f300008a59	754501311409	60020d2a0a720f05f300008a
60020d2a0a720f05f300008a61	754500355602	60020d2a0a720f05f300008a
60020d2a0a720f05f300008a64	041000004087	60020d2a0a720f05f300008a
60020d2a0a720f05f300008a65	058449450023	60020d2a0a720f05f300008a
60020d2a0a720f05f300008a67	044500341720	60020d2a0a720f05f300008a
60020d2a0a720f05f300008a69	024105590051	60020d2a0a720f05f300008a
60020d2a0a720f05f300008a70	021000604647	60020d2a0a720f05f300008a
60020d2a0a720f05f300008a71	21251000000	60020d2a0a720f05f300008a
60020d2a0a720f05f300008a72	071430010051	60020d2a0a720f05f300008a
60020d2a0a720f05f300008a75	071146002487	60020d2a0a720f05f300008a
60020d2a0a720f05f300008a78	754500638101	60020d2a0a720f05f300008a
60020d2a0a720f05f300008a80	511111001485	60020d2a0a720f05f300008a
60020d2a0a720f05f300008a81	305731769135	60020d2a0a720f05f300008a
60020d2a0a720f05f300008a83	048000007070	60020d2a0a720f05f300008a
60020d2a0a720f05f300008a85	015300430594	60020d2a0a720f05f300008a
60020d2a0a720f05f300008a87	511111001485	60020d2a0a720f05f300008a
60020d2a0a720f05f300008a88	009800300037	60020d2a0a720f05f300008a
60020d2a0a720f05f300008a91	754500990209	60020d2a0a720f05f300008a
6002590c0a7214ad4c00008247	024105590051	6002590c0a7214ad4c000082
6002590c0a7214ad4c00008248	21251000000	6002590c0a7214ad4c000082
6002590c0a7214ad4c00008250	4060	6002590c0a7214ad4c000082
6002590c0a7214ad4c00008252	048500052020	6002590c0a7214ad4c000082
6002590c0a7214ad4c00008254	4069	6002590c0a7214ad4c000082
6002590c0a7214ad4c00008256	4093	6002590c0a7214ad4c000082
6002590c0a7214ad4c00008259	036632037541	6002590c0a7214ad4c000082
6002590c0a7214ad4c00008260	036632013095	6002590c0a7214ad4c000082
6002590c0a7214ad4c00008266	039400015031	6002590c0a7214ad4c000082
6002590c0a7214ad4c00008267	025500204215	6002590c0a7214ad4c000082
6002590c0a7214ad4c00008268	084114111722	6002590c0a7214ad4c000082
6002590c0a7214ad4c00008269	511111104537	6002590c0a7214ad4c000082
6002590c0a7214ad4c00008273	018627030010	6002590c0a7214ad4c000082
6002590c0a7214ad4c00008274	041000004087	6002590c0a7214ad4c000082
6002590c0a7214ad4c00008275	058449450023	6002590c0a7214ad4c000082
6002590c0a7214ad4c00008277	044500341720	6002590c0a7214ad4c000082
6002590c0a7214ad4c00008279	024105590051	6002590c0a7214ad4c000082
6002590c0a7214ad4c00008280	021000604647	6002590c0a7214ad4c000082
6002590c0a7214ad4c00008281	21251000000	6002590c0a7214ad4c000082
6002590c0a7214ad4c00008282	071430010051	6002590c0a7214ad4c000082
6002590c0a7214ad4c00008285	071146002487	6002590c0a7214ad4c000082
6002590c0a7214ad4c00008292	511111001485	6002590c0a7214ad4c000082
6002590c0a7214ad4c00008293	305731769135	6002590c0a7214ad4c000082
6002590c0a7214ad4c00008295	048000007070	6002590c0a7214ad4c000082
6002590c0a7214ad4c00008297	015300430594	6002590c0a7214ad4c000082
6002590c0a7214ad4c00008299	511111001485	6002590c0a7214ad4c000082
6002590c0a7214ad4c000082100	009800300037	6002590c0a7214ad4c000082
6002590c0a7214ad4c000082106	041000022623	6002590c0a7214ad4c000082
6002590c0a7214ad4c000082109	028400642033	6002590c0a7214ad4c000082
6002590c0a7214ad4c000082112	076840580750	6002590c0a7214ad4c000082
6002590c0a7214ad4c000082113	012000809941	6002590c0a7214ad4c000082
6002590c0a7214ad4c000082114	036000391718	6002590c0a7214ad4c000082
6002590c0a7214ad4c000082115	815473013279	6002590c0a7214ad4c000082
6002590c0a7214ad4c000082117	012000809941	6002590c0a7214ad4c000082
6002590c0a7214ad4c000082119	041000022623	6002590c0a7214ad4c000082
6002590c0a7214ad4c000082129	041000022623	6002590c0a7214ad4c000082
6002590c0a7214ad4c000082130	036000391718	6002590c0a7214ad4c000082
60025cb80a720f05f300008d5	036000391718	60025cb80a720f05f300008d
60025cb80a720f05f300008d9	036632011077	60025cb80a720f05f300008d
60025cb80a720f05f300008d13	075706191031	60025cb80a720f05f300008d
60025cb80a720f05f300008d15	019600920106	60025cb80a720f05f300008d
60025cb80a720f05f300008d17	028189000079	60025cb80a720f05f300008d
60025cb80a720f05f300008d18	754500326305	60025cb80a720f05f300008d
60025cb80a720f05f300008d22	058496723002	60025cb80a720f05f300008d
60025cb80a720f05f300008d23	058449450023	60025cb80a720f05f300008d
60025cb80a720f05f300008d24	075450093070	60025cb80a720f05f300008d
60025cb80a720f05f300008d25	048500256763	60025cb80a720f05f300008d
60025cb80a720f05f300008d26	4816	60025cb80a720f05f300008d
60025cb80a720f05f300008d28	4166	60025cb80a720f05f300008d
60025cb80a720f05f300008d29	075450120400	60025cb80a720f05f300008d
60025cb80a720f05f300008d31	036632011077	60025cb80a720f05f300008d
60025cb80a720f05f300008d32	754500797204	60025cb80a720f05f300008d
60025cb80a720f05f300008d34	075450085150	60025cb80a720f05f300008d
60025cb80a720f05f300008d36	071007023095	60025cb80a720f05f300008d
60025cb80a720f05f300008d37	072310001459	60025cb80a720f05f300008d
60025cb80a720f05f300008d39	754502285808	60025cb80a720f05f300008d
60025cb80a720f05f300008d41	041390024368	60025cb80a720f05f300008d
60025cb80a720f05f300008d43	511111204206	60025cb80a720f05f300008d
60025cb80a720f05f300008d44	043000716021	60025cb80a720f05f300008d
60025cb80a720f05f300008d45	044500341720	60025cb80a720f05f300008d
60025cb80a720f05f300008d46	754500958803	60025cb80a720f05f300008d
60025cb80a720f05f300008d48	024105590051	60025cb80a720f05f300008d
60025cb80a720f05f300008d49	21251000000	60025cb80a720f05f300008d
60025cb80a720f05f300008d51	4060	60025cb80a720f05f300008d
60025cb80a720f05f300008d53	048500256763	60025cb80a720f05f300008d
60025cb80a720f05f300008d55	4069	60025cb80a720f05f300008d
60025cb80a720f05f300008d57	4093	60025cb80a720f05f300008d
60025cb80a720f05f300008d60	754500973400	60025cb80a720f05f300008d
60025cb80a720f05f300008d65	075450085150	60025cb80a720f05f300008d
60025cb80a720f05f300008d70	025500204215	60025cb80a720f05f300008d
60025cb80a720f05f300008d73	754502285808	60025cb80a720f05f300008d
60025cb80a720f05f300008d74	754500355602	60025cb80a720f05f300008d
60025cb80a720f05f300008d76	018627030010	60025cb80a720f05f300008d
60025cb80a720f05f300008d77	041000004087	60025cb80a720f05f300008d
60025cb80a720f05f300008d78	058449450023	60025cb80a720f05f300008d
60025cb80a720f05f300008d80	044500341720	60025cb80a720f05f300008d
60025cb80a720f05f300008d82	024105590051	60025cb80a720f05f300008d
60025cb80a720f05f300008d83	021000604647	60025cb80a720f05f300008d
60025cb80a720f05f300008d84	21251000000	60025cb80a720f05f300008d
60025cb80a720f05f300008d85	071430010051	60025cb80a720f05f300008d
60025cb80a720f05f300008d88	071146002487	60025cb80a720f05f300008d
60025cb80a720f05f300008d101	015300430594	60025cb80a720f05f300008d
60025cb80a720f05f300008d111	036000391718	60025cb80a720f05f300008d
60025cb80a720f05f300008d116	036000391718	60025cb80a720f05f300008d
60025cb80a720f05f300008d119	036000391718	60025cb80a720f05f300008d
60025cb80a720f05f300008d120	076840100354	60025cb80a720f05f300008d
60025cb80a720f05f300008d121	036000391718	60025cb80a720f05f300008d
60025cb80a720f05f300008d126	028400643061	60025cb80a720f05f300008d
60025cb80a720f05f300008d130	012000809941	60025cb80a720f05f300008d
60025cb80a720f05f300008d133	036000391718	60025cb80a720f05f300008d
60025cb80a720f05f300008d134	012000809941	60025cb80a720f05f300008d
60025cb80a720f05f300008d139	036000391718	60025cb80a720f05f300008d
60025cb80a720f05f300008d142	036000391718	60025cb80a720f05f300008d
60025cb80a720f05f300008d143	041000022623	60025cb80a720f05f300008d
60025cb80a720f05f300008d144	012000809941	60025cb80a720f05f300008d
60025cb80a720f05f300008d147	012000809941	60025cb80a720f05f300008d
60025cb80a720f05f300008d157	036000391718	60025cb80a720f05f300008d
60025cb80a720f05f300008d159	076840580750	60025cb80a720f05f300008d
60025cb80a720f05f300008d162	012000809941	60025cb80a720f05f300008d
60025cb80a720f05f300008d165	012000809941	60025cb80a720f05f300008d
60025cb80a720f05f300008d166	036000391718	60025cb80a720f05f300008d
60025cb80a720f05f300008d167	028400643061	60025cb80a720f05f300008d
60025cb80a720f05f300008d170	028400643061	60025cb80a720f05f300008d
60025cb80a720f05f300008d179	012000809941	60025cb80a720f05f300008d
60025cb80a720f05f300008d182	036000391718	60025cb80a720f05f300008d
60025cb80a720f05f300008d184	028400643061	60025cb80a720f05f300008d
60025cb80a720f05f300008d185	012000809941	60025cb80a720f05f300008d
600370250a720f05f300009022	058449450023	600370250a720f05f3000090
600370250a720f05f300009025	4816	600370250a720f05f3000090
600370250a720f05f300009027	4166	600370250a720f05f3000090
600370250a720f05f300009035	071007023095	600370250a720f05f3000090
600370250a720f05f300009036	072310001459	600370250a720f05f3000090
600370250a720f05f300009040	041390024368	600370250a720f05f3000090
600370250a720f05f300009042	511111204206	600370250a720f05f3000090
600370250a720f05f300009043	043000716021	600370250a720f05f3000090
600370250a720f05f300009044	044500341720	600370250a720f05f3000090
600370250a720f05f300009047	024105590051	600370250a720f05f3000090
600370250a720f05f300009048	21251000000	600370250a720f05f3000090
600370250a720f05f300009050	4060	600370250a720f05f3000090
600370250a720f05f300009052	048500052020	600370250a720f05f3000090
600370250a720f05f300009054	4069	600370250a720f05f3000090
600370250a720f05f300009056	4093	600370250a720f05f3000090
600370250a720f05f300009059	036632037541	600370250a720f05f3000090
600370250a720f05f300009060	036632013095	600370250a720f05f3000090
600370250a720f05f300009066	039400015031	600370250a720f05f3000090
600370250a720f05f300009067	025500204215	600370250a720f05f3000090
600370250a720f05f300009068	084114111722	600370250a720f05f3000090
600370250a720f05f300009069	511111104537	600370250a720f05f3000090
600370250a720f05f300009073	018627030010	600370250a720f05f3000090
600370250a720f05f300009074	041000004087	600370250a720f05f3000090
600370250a720f05f300009075	058449450023	600370250a720f05f3000090
600370250a720f05f300009077	044500341720	600370250a720f05f3000090
600370250a720f05f300009079	024105590051	600370250a720f05f3000090
600370250a720f05f300009080	021000604647	600370250a720f05f3000090
600370250a720f05f300009081	21251000000	600370250a720f05f3000090
600370250a720f05f300009082	071430010051	600370250a720f05f3000090
600370250a720f05f300009085	071146002487	600370250a720f05f3000090
600370250a720f05f300009093	511111001485	600370250a720f05f3000090
600370250a720f05f300009094	305731769135	600370250a720f05f3000090
600370250a720f05f300009096	048000007070	600370250a720f05f3000090
600370250a720f05f300009098	015300430594	600370250a720f05f3000090
600370250a720f05f3000090100	511111001485	600370250a720f05f3000090
600370250a720f05f3000090101	009800300037	600370250a720f05f3000090
600370250a720f05f3000090105	012000809941	600370250a720f05f3000090
600370250a720f05f3000090106	012000809941	600370250a720f05f3000090
600370250a720f05f3000090109	076840580750	600370250a720f05f3000090
600370250a720f05f3000090110	076840580750	600370250a720f05f3000090
600370250a720f05f3000090112	012000809941	600370250a720f05f3000090
600370250a720f05f3000090113	076840100354	600370250a720f05f3000090
600370250a720f05f3000090114	012000809941	600370250a720f05f3000090
600370250a720f05f3000090116	036000391718	600370250a720f05f3000090
600370250a720f05f3000090117	076840580750	600370250a720f05f3000090
600370250a720f05f3000090118	041000022623	600370250a720f05f3000090
600370250a720f05f3000090119	012000809941	600370250a720f05f3000090
600370250a720f05f3000090120	076840580750	600370250a720f05f3000090
600370250a720f05f3000090121	815473013279	600370250a720f05f3000090
600370250a720f05f3000090122	028400643061	600370250a720f05f3000090
600370250a720f05f3000090123	036000391718	600370250a720f05f3000090
600370250a720f05f3000090125	036000391718	600370250a720f05f3000090
600370250a720f05f3000090126	041000022623	600370250a720f05f3000090
600370250a720f05f3000090127	012000809941	600370250a720f05f3000090
600370250a720f05f3000090128	028400643061	600370250a720f05f3000090
600370250a720f05f3000090131	041000022623	600370250a720f05f3000090
600370250a720f05f3000090132	076840580750	600370250a720f05f3000090
600370250a720f05f3000090134	012000809941	600370250a720f05f3000090
600370250a720f05f3000090136	076840580750	600370250a720f05f3000090
600370250a720f05f3000090143	012000809941	600370250a720f05f3000090
600370250a720f05f3000090144	041000022623	600370250a720f05f3000090
600370250a720f05f3000090146	041000022623	600370250a720f05f3000090
600370250a720f05f3000090147	041000022623	600370250a720f05f3000090
6002584e0a7214ad4c0000811	076840580750	6002584e0a7214ad4c000081
6002584e0a7214ad4c0000812	036000391718	6002584e0a7214ad4c000081
60020af60a720f05f30000891	037000979715	60020af60a720f05f3000089
600260210a720f05f300008f1	028400643061	600260210a720f05f300008f
600260210a720f05f300008f2	041000022623	600260210a720f05f300008f
600260210a720f05f300008f3	076840580750	600260210a720f05f300008f
600260210a720f05f300008f4	041000022623	600260210a720f05f300008f
600260210a720f05f300008f5	036000391718	600260210a720f05f300008f
600260210a720f05f300008f6	028400642033	600260210a720f05f300008f
600260210a720f05f300008f9	036632011077	600260210a720f05f300008f
600260210a720f05f300008f13	075706191031	600260210a720f05f300008f
600260210a720f05f300008f14	028800296737	600260210a720f05f300008f
600260210a720f05f300008f15	019600920106	600260210a720f05f300008f
600260210a720f05f300008f17	028189000079	600260210a720f05f300008f
600260210a720f05f300008f22	058496723002	600260210a720f05f300008f
600260210a720f05f300008f23	058449450023	600260210a720f05f300008f
600260210a720f05f300008f25	048500256763	600260210a720f05f300008f
600260210a720f05f300008f26	4816	600260210a720f05f300008f
600260210a720f05f300008f28	4166	600260210a720f05f300008f
600260210a720f05f300008f29	071100007299	600260210a720f05f300008f
600260210a720f05f300008f31	036632011077	600260210a720f05f300008f
600260210a720f05f300008f36	071007023095	600260210a720f05f300008f
600260210a720f05f300008f61	036632037541	600260210a720f05f300008f
600260210a720f05f300008f62	036632013095	600260210a720f05f300008f
600260210a720f05f300008f77	058449450023	600260210a720f05f300008f
600260210a720f05f300008f95	511111001485	600260210a720f05f300008f
600260210a720f05f300008f96	305731769135	600260210a720f05f300008f
600260210a720f05f300008f98	048000007070	600260210a720f05f300008f
600260210a720f05f300008f100	015300430594	600260210a720f05f300008f
600260210a720f05f300008f102	511111001485	600260210a720f05f300008f
600260210a720f05f300008f103	009800300037	600260210a720f05f300008f
600260210a720f05f300008f107	076840100354	600260210a720f05f300008f
600260210a720f05f300008f108	036000391718	600260210a720f05f300008f
600260210a720f05f300008f112	012000809941	600260210a720f05f300008f
600260210a720f05f300008f113	815473013279	600260210a720f05f300008f
600260210a720f05f300008f114	012000809941	600260210a720f05f300008f
600260210a720f05f300008f115	028400642033	600260210a720f05f300008f
600260210a720f05f300008f119	076840100354	600260210a720f05f300008f
600260210a720f05f300008f120	036000391718	600260210a720f05f300008f
600260210a720f05f300008f121	036000391718	600260210a720f05f300008f
600260210a720f05f300008f123	012000809941	600260210a720f05f300008f
600260210a720f05f300008f125	012000809941	600260210a720f05f300008f
600260210a720f05f300008f126	012000809941	600260210a720f05f300008f
600260210a720f05f300008f127	815473013279	600260210a720f05f300008f
600260210a720f05f300008f128	012000809941	600260210a720f05f300008f
600260210a720f05f300008f129	041000022623	600260210a720f05f300008f
600260210a720f05f300008f130	076840100354	600260210a720f05f300008f
600260210a720f05f300008f131	076840100354	600260210a720f05f300008f
600260210a720f05f300008f132	815473013279	600260210a720f05f300008f
600260210a720f05f300008f133	036000391718	600260210a720f05f300008f
600260210a720f05f300008f134	028400642033	600260210a720f05f300008f
600260210a720f05f300008f136	028400642033	600260210a720f05f300008f
600260210a720f05f300008f138	036000391718	600260210a720f05f300008f
600260210a720f05f300008f140	815473013279	600260210a720f05f300008f
600260210a720f05f300008f143	076840100354	600260210a720f05f300008f
600260210a720f05f300008f148	012000809941	600260210a720f05f300008f
600260210a720f05f300008f149	028400642033	600260210a720f05f300008f
600260210a720f05f300008f150	036000391718	600260210a720f05f300008f
600260210a720f05f300008f151	012000809941	600260210a720f05f300008f
600260210a720f05f300008f152	041000022623	600260210a720f05f300008f
600260210a720f05f300008f153	028400642033	600260210a720f05f300008f
600260210a720f05f300008f154	036000391718	600260210a720f05f300008f
600260210a720f05f300008f155	076840100354	600260210a720f05f300008f
600260210a720f05f300008f156	028400642033	600260210a720f05f300008f
600260210a720f05f300008f157	815473013279	600260210a720f05f300008f
600260210a720f05f300008f159	012000809941	600260210a720f05f300008f
600260210a720f05f300008f160	028400642033	600260210a720f05f300008f
600260210a720f05f300008f161	036000391718	600260210a720f05f300008f
600260210a720f05f300008f163	012000809941	600260210a720f05f300008f
600260210a720f05f300008f164	036000391718	600260210a720f05f300008f
600260210a720f05f300008f165	028400642033	600260210a720f05f300008f
600260210a720f05f300008f166	041000022623	600260210a720f05f300008f
600260210a720f05f300008f167	815473013279	600260210a720f05f300008f
600260210a720f05f300008f168	036000391718	600260210a720f05f300008f
600260210a720f05f300008f170	076840100354	600260210a720f05f300008f
600260210a720f05f300008f171	012000809941	600260210a720f05f300008f
600260210a720f05f300008f172	036000391718	600260210a720f05f300008f
600260210a720f05f300008f174	012000809941	600260210a720f05f300008f
600260210a720f05f300008f175	028400642033	600260210a720f05f300008f
600260210a720f05f300008f176	041000022623	600260210a720f05f300008f
600260210a720f05f300008f177	815473013279	600260210a720f05f300008f
600260210a720f05f300008f178	012000809941	600260210a720f05f300008f
600260210a720f05f300008f179	076840100354	600260210a720f05f300008f
600260210a720f05f300008f180	036000391718	600260210a720f05f300008f
600260210a720f05f300008f181	076840100354	600260210a720f05f300008f
600260210a720f05f300008f182	028400642033	600260210a720f05f300008f
600260210a720f05f300008f183	036000391718	600260210a720f05f300008f
60037b500a7214ad4c0000861	085718300512	60037b500a7214ad4c000086
60037b500a7214ad4c0000862	085718300512	60037b500a7214ad4c000086
60037b500a7214ad4c0000863	078742112138	60037b500a7214ad4c000086
60037b500a7214ad4c0000864	078742112138	60037b500a7214ad4c000086
60037b500a7214ad4c0000865	633472322587	60037b500a7214ad4c000086
60037b500a7214ad4c0000866	029000019034	60037b500a7214ad4c000086
60037b500a7214ad4c0000867	4011	60037b500a7214ad4c000086
60037b500a7214ad4c0000868	4011	60037b500a7214ad4c000086
60037b500a7214ad4c0000869	052100587967	60037b500a7214ad4c000086
60037b500a7214ad4c00008610	078742348315	60037b500a7214ad4c000086
60037b500a7214ad4c00008611	042222302005	60037b500a7214ad4c000086
60037b500a7214ad4c00008612	681131122764	60037b500a7214ad4c000086
60037b500a7214ad4c00008613	4093	60037b500a7214ad4c000086
60037b500a7214ad4c00008614	857484001159	60037b500a7214ad4c000086
60037b500a7214ad4c00008615	689544083405	60037b500a7214ad4c000086
60037b500a7214ad4c00008616	887214041018	60037b500a7214ad4c000086
60037b500a7214ad4c00008617	045255148947	60037b500a7214ad4c000086
60037b500a7214ad4c00008618	681131091206	60037b500a7214ad4c000086
60037b500a7214ad4c00008619	026542084018	60037b500a7214ad4c000086
60037b500a7214ad4c00008620	068113135477	60037b500a7214ad4c000086
60037b500a7214ad4c00008621	041235000687	60037b500a7214ad4c000086
60037b500a7214ad4c00008622	037466017631	60037b500a7214ad4c000086
60037b500a7214ad4c00008623	037466017631	60037b500a7214ad4c000086
60037b500a7214ad4c00008624	076828048432	60037b500a7214ad4c000086
60037b500a7214ad4c00008625	021000040247	60037b500a7214ad4c000086
60037b500a7214ad4c00008626	021000612239	60037b500a7214ad4c000086
60037b500a7214ad4c00008627	078000082401	60037b500a7214ad4c000086
60037b500a7214ad4c00008628	013120014178	60037b500a7214ad4c000086
60037b500a7214ad4c00008629	021000040247	60037b500a7214ad4c000086
60037b500a7214ad4c00008630	075706304783	60037b500a7214ad4c000086
60037b500a7214ad4c00008631	036000485967	60037b500a7214ad4c000086
60037b500a7214ad4c00008632	000980000069	60037b500a7214ad4c000086
60037b500a7214ad4c00008633	078742052328	60037b500a7214ad4c000086
60037b500a7214ad4c00008634	041483022226	60037b500a7214ad4c000086
60037b500a7214ad4c00008635	078742333960	60037b500a7214ad4c000086
60037b500a7214ad4c00008636	015800030621	60037b500a7214ad4c000086
60037b500a7214ad4c00008637	078742333960	60037b500a7214ad4c000086
60037b500a7214ad4c00008638	007874242956	60037b500a7214ad4c000086
60037b500a7214ad4c00008639	078742372198	60037b500a7214ad4c000086
6004a5f20a7214ad4c0000883	036632011077	6004a5f20a7214ad4c000088
6004a5f20a7214ad4c0000887	075706191031	6004a5f20a7214ad4c000088
6004a5f20a7214ad4c0000889	019600920106	6004a5f20a7214ad4c000088
6004a5f20a7214ad4c00008811	028189000079	6004a5f20a7214ad4c000088
6004a5f20a7214ad4c00008812	754500326305	6004a5f20a7214ad4c000088
6004a5f20a7214ad4c00008816	058496723002	6004a5f20a7214ad4c000088
6004a5f20a7214ad4c00008817	058449450023	6004a5f20a7214ad4c000088
6004a5f20a7214ad4c00008818	075450093070	6004a5f20a7214ad4c000088
6004a5f20a7214ad4c00008819	048500256763	6004a5f20a7214ad4c000088
6004a5f20a7214ad4c00008820	4816	6004a5f20a7214ad4c000088
6004a5f20a7214ad4c00008822	4166	6004a5f20a7214ad4c000088
6004a5f20a7214ad4c00008823	075450120400	6004a5f20a7214ad4c000088
6004a5f20a7214ad4c00008825	036632011077	6004a5f20a7214ad4c000088
6004a5f20a7214ad4c00008826	754500797204	6004a5f20a7214ad4c000088
6004a5f20a7214ad4c00008828	075450085150	6004a5f20a7214ad4c000088
6004a5f20a7214ad4c00008830	071007023095	6004a5f20a7214ad4c000088
6004a5f20a7214ad4c00008831	072310001459	6004a5f20a7214ad4c000088
6004a5f20a7214ad4c00008833	754502285808	6004a5f20a7214ad4c000088
6004a5f20a7214ad4c00008835	041390024368	6004a5f20a7214ad4c000088
6004a5f20a7214ad4c00008837	511111204206	6004a5f20a7214ad4c000088
6004a5f20a7214ad4c00008838	043000716021	6004a5f20a7214ad4c000088
6004a5f20a7214ad4c00008839	044500341720	6004a5f20a7214ad4c000088
6004a5f20a7214ad4c00008840	754500958803	6004a5f20a7214ad4c000088
6004a5f20a7214ad4c00008842	024105590051	6004a5f20a7214ad4c000088
6004a5f20a7214ad4c00008843	21251000000	6004a5f20a7214ad4c000088
6004a5f20a7214ad4c00008845	4060	6004a5f20a7214ad4c000088
6004a5f20a7214ad4c00008847	048500052020	6004a5f20a7214ad4c000088
6004a5f20a7214ad4c00008849	4069	6004a5f20a7214ad4c000088
6004a5f20a7214ad4c00008851	4093	6004a5f20a7214ad4c000088
6004a5f20a7214ad4c00008854	075450079760	6004a5f20a7214ad4c000088
6004a5f20a7214ad4c00008855	754500947807	6004a5f20a7214ad4c000088
6004a5f20a7214ad4c00008858	075450085150	6004a5f20a7214ad4c000088
6004a5f20a7214ad4c00008861	039400015031	6004a5f20a7214ad4c000088
6004a5f20a7214ad4c00008862	025500204215	6004a5f20a7214ad4c000088
6004a5f20a7214ad4c00008863	754501311409	6004a5f20a7214ad4c000088
6004a5f20a7214ad4c00008865	754502285808	6004a5f20a7214ad4c000088
6004a5f20a7214ad4c00008866	754500355602	6004a5f20a7214ad4c000088
6004a5f20a7214ad4c00008868	018627030010	6004a5f20a7214ad4c000088
6004a5f20a7214ad4c00008869	041000004087	6004a5f20a7214ad4c000088
6004a5f20a7214ad4c00008870	058449450023	6004a5f20a7214ad4c000088
6004a5f20a7214ad4c00008873	044500341720	6004a5f20a7214ad4c000088
6004a5f20a7214ad4c00008875	024105590051	6004a5f20a7214ad4c000088
6004a5f20a7214ad4c00008876	021000604647	6004a5f20a7214ad4c000088
6004a5f20a7214ad4c00008877	21251000000	6004a5f20a7214ad4c000088
6004a5f20a7214ad4c00008878	071430010051	6004a5f20a7214ad4c000088
6004a5f20a7214ad4c00008881	071146002487	6004a5f20a7214ad4c000088
6004a5f20a7214ad4c00008886	754500638101	6004a5f20a7214ad4c000088
6004a5f20a7214ad4c00008888	511111001485	6004a5f20a7214ad4c000088
6004a5f20a7214ad4c00008891	048000007070	6004a5f20a7214ad4c000088
6004a5f20a7214ad4c00008893	015300430594	6004a5f20a7214ad4c000088
6004a5f20a7214ad4c00008895	511111001485	6004a5f20a7214ad4c000088
6004a5f20a7214ad4c00008896	009800300037	6004a5f20a7214ad4c000088
6004a5f20a7214ad4c00008899	754500990209	6004a5f20a7214ad4c000088
6004a5f20a7214ad4c000088100	014113910026	6004a5f20a7214ad4c000088
6004a5f20a7214ad4c000088101	075450120400	6004a5f20a7214ad4c000088
6004a5f20a7214ad4c000088102	754500973400	6004a5f20a7214ad4c000088
6004a5f20a7214ad4c000088103	754500947500	6004a5f20a7214ad4c000088
6004a5f20a7214ad4c000088104	754500797204	6004a5f20a7214ad4c000088
6004a5f20a7214ad4c000088108	754501315209	6004a5f20a7214ad4c000088
6004a5f20a7214ad4c000088112	041500220208	6004a5f20a7214ad4c000088
6004a5f20a7214ad4c000088115	754500024805	6004a5f20a7214ad4c000088
6004a5f20a7214ad4c000088118	754500486009	6004a5f20a7214ad4c000088
6004a5f20a7214ad4c000088119	038000924224	6004a5f20a7214ad4c000088
6004a5f20a7214ad4c000088121	611443010787	6004a5f20a7214ad4c000088
6004a5f20a7214ad4c000088124	046000721835	6004a5f20a7214ad4c000088
6004a5f20a7214ad4c000088125	014100095071	6004a5f20a7214ad4c000088
6004a5f20a7214ad4c000088126	043000285213	6004a5f20a7214ad4c000088
6004a5f20a7214ad4c000088129	030100001331	6004a5f20a7214ad4c000088
6004a5f20a7214ad4c000088130	058449450023	6004a5f20a7214ad4c000088
6004a5f20a7214ad4c000088133	041289895406	6004a5f20a7214ad4c000088
6004a5f20a7214ad4c000088135	075450093070	6004a5f20a7214ad4c000088
6004a5f20a7214ad4c000088136	021000024926	6004a5f20a7214ad4c000088
6004a5f20a7214ad4c000088139	4759	6004a5f20a7214ad4c000088
6004a5f20a7214ad4c000088140	3332	6004a5f20a7214ad4c000088
6004a5f20a7214ad4c000088141	4608	6004a5f20a7214ad4c000088
6004a5f20a7214ad4c000088145	048500052020	6004a5f20a7214ad4c000088
6004a5f20a7214ad4c000088147	4166	6004a5f20a7214ad4c000088
60049d9d0a720f05f30000943	036632011077	60049d9d0a720f05f3000094
60049d9d0a720f05f30000947	075706191031	60049d9d0a720f05f3000094
60049d9d0a720f05f30000949	019600920106	60049d9d0a720f05f3000094
60049d9d0a720f05f300009411	028189000079	60049d9d0a720f05f3000094
60049d9d0a720f05f300009412	754500326305	60049d9d0a720f05f3000094
60049d9d0a720f05f300009416	058496723002	60049d9d0a720f05f3000094
60049d9d0a720f05f300009417	058449450023	60049d9d0a720f05f3000094
60049d9d0a720f05f300009418	075450093070	60049d9d0a720f05f3000094
60049d9d0a720f05f300009419	048500256763	60049d9d0a720f05f3000094
60049d9d0a720f05f300009420	4816	60049d9d0a720f05f3000094
60049d9d0a720f05f300009421	4816	60049d9d0a720f05f3000094
60049d9d0a720f05f300009423	4166	60049d9d0a720f05f3000094
60049d9d0a720f05f300009425	036632011077	60049d9d0a720f05f3000094
60049d9d0a720f05f300009426	754500797204	60049d9d0a720f05f3000094
60049d9d0a720f05f300009428	075450085150	60049d9d0a720f05f3000094
60049d9d0a720f05f300009430	071007023095	60049d9d0a720f05f3000094
60049d9d0a720f05f300009431	072310001459	60049d9d0a720f05f3000094
60049d9d0a720f05f300009433	754502285808	60049d9d0a720f05f3000094
60049d9d0a720f05f300009435	041390024368	60049d9d0a720f05f3000094
60049d9d0a720f05f300009437	511111204206	60049d9d0a720f05f3000094
60049d9d0a720f05f300009438	043000716021	60049d9d0a720f05f3000094
60049d9d0a720f05f300009439	044500341720	60049d9d0a720f05f3000094
60049d9d0a720f05f300009440	754500958803	60049d9d0a720f05f3000094
60049d9d0a720f05f300009442	024105590051	60049d9d0a720f05f3000094
60049d9d0a720f05f300009443	21251000000	60049d9d0a720f05f3000094
60049d9d0a720f05f300009445	4060	60049d9d0a720f05f3000094
60049d9d0a720f05f300009447	048500052020	60049d9d0a720f05f3000094
60049d9d0a720f05f300009449	4069	60049d9d0a720f05f3000094
60049d9d0a720f05f300009451	4093	60049d9d0a720f05f3000094
60049d9d0a720f05f300009453	754500973400	60049d9d0a720f05f3000094
60049d9d0a720f05f300009454	075450079760	60049d9d0a720f05f3000094
60049d9d0a720f05f300009455	754500947807	60049d9d0a720f05f3000094
60049d9d0a720f05f300009458	075450085150	60049d9d0a720f05f3000094
60049d9d0a720f05f300009461	039400015031	60049d9d0a720f05f3000094
60049d9d0a720f05f300009462	025500204215	60049d9d0a720f05f3000094
60049d9d0a720f05f300009463	754501311409	60049d9d0a720f05f3000094
60049d9d0a720f05f300009465	754502285808	60049d9d0a720f05f3000094
60049d9d0a720f05f300009466	754500355602	60049d9d0a720f05f3000094
60049d9d0a720f05f300009468	018627030010	60049d9d0a720f05f3000094
60049d9d0a720f05f300009469	041000004087	60049d9d0a720f05f3000094
60049d9d0a720f05f300009470	058449450023	60049d9d0a720f05f3000094
60049d9d0a720f05f300009472	044500341720	60049d9d0a720f05f3000094
60049d9d0a720f05f300009474	024105590051	60049d9d0a720f05f3000094
60049d9d0a720f05f300009475	021000604647	60049d9d0a720f05f3000094
60049d9d0a720f05f300009476	21251000000	60049d9d0a720f05f3000094
60049d9d0a720f05f300009477	071430010051	60049d9d0a720f05f3000094
60049d9d0a720f05f300009480	071146002487	60049d9d0a720f05f3000094
60049d9d0a720f05f300009485	754500638101	60049d9d0a720f05f3000094
60049d9d0a720f05f300009487	511111001485	60049d9d0a720f05f3000094
60049d9d0a720f05f300009490	048000007070	60049d9d0a720f05f3000094
60049d9d0a720f05f300009492	015300430594	60049d9d0a720f05f3000094
60049d9d0a720f05f300009494	511111001485	60049d9d0a720f05f3000094
60049d9d0a720f05f300009495	009800300037	60049d9d0a720f05f3000094
60049d9d0a720f05f300009498	754500990209	60049d9d0a720f05f3000094
60049d9d0a720f05f300009499	075450120400	60049d9d0a720f05f3000094
60049d9d0a720f05f3000094100	754500973400	60049d9d0a720f05f3000094
60049d9d0a720f05f3000094101	754500947500	60049d9d0a720f05f3000094
60049d9d0a720f05f3000094102	754500797204	60049d9d0a720f05f3000094
60049d9d0a720f05f3000094106	754501315209	60049d9d0a720f05f3000094
60049d9d0a720f05f3000094110	041500220208	60049d9d0a720f05f3000094
60049d9d0a720f05f3000094113	754500024805	60049d9d0a720f05f3000094
60049d9d0a720f05f3000094116	754500486009	60049d9d0a720f05f3000094
60049d9d0a720f05f3000094117	038000924224	60049d9d0a720f05f3000094
60049d9d0a720f05f3000094121	016000363779	60049d9d0a720f05f3000094
60049d9d0a720f05f3000094122	311111242129	60049d9d0a720f05f3000094
60049d9d0a720f05f3000094127	030100001331	60049d9d0a720f05f3000094
60049d9d0a720f05f3000094128	058449450023	60049d9d0a720f05f3000094
60049d9d0a720f05f3000094131	041289895406	60049d9d0a720f05f3000094
60049d9d0a720f05f3000094133	075450093070	60049d9d0a720f05f3000094
60049d9d0a720f05f3000094134	021000024926	60049d9d0a720f05f3000094
60049d9d0a720f05f3000094138	3332	60049d9d0a720f05f3000094
60049d9d0a720f05f3000094139	4608	60049d9d0a720f05f3000094
60049d9d0a720f05f3000094143	048500052020	60049d9d0a720f05f3000094
60049d9d0a720f05f3000094145	4166	60049d9d0a720f05f3000094
60049d9d0a720f05f3000094155	754500363409	60049d9d0a720f05f3000094
60049d9d0a720f05f3000094158	754500638101	60049d9d0a720f05f3000094
60049d9d0a720f05f3000094159	884912006806	60049d9d0a720f05f3000094
60049d9d0a720f05f3000094161	511111001485	60049d9d0a720f05f3000094
60049d9d0a720f05f3000094168	048500052020	60049d9d0a720f05f3000094
60049d9d0a720f05f3000094170	3332	60049d9d0a720f05f3000094
60049d9d0a720f05f3000094171	605806001307	60049d9d0a720f05f3000094
60049d9d0a720f05f3000094172	4816	60049d9d0a720f05f3000094
60049d9d0a720f05f3000094173	011110916600	60049d9d0a720f05f3000094
60049d9d0a720f05f3000094174	4166	60049d9d0a720f05f3000094
60049d9d0a720f05f3000094175	082242012362	60049d9d0a720f05f3000094
60049d9d0a720f05f3000094177	046000400280	60049d9d0a720f05f3000094
60049d9d0a720f05f3000094180	073410955505	60049d9d0a720f05f3000094
60049d9d0a720f05f3000094183	046000288697	60049d9d0a720f05f3000094
60049d9d0a720f05f3000094184	511111502142	60049d9d0a720f05f3000094
60049d9d0a720f05f3000094188	4225	60049d9d0a720f05f3000094
6005ee0e0a7214ad4c0000891	075856000269	6005ee0e0a7214ad4c000089
6004a99e0a720f05f30000953	036632011077	6004a99e0a720f05f3000095
6004a99e0a720f05f30000957	075706191031	6004a99e0a720f05f3000095
6004a99e0a720f05f30000959	019600920106	6004a99e0a720f05f3000095
6004a99e0a720f05f300009511	028189000079	6004a99e0a720f05f3000095
6004a99e0a720f05f300009512	754500326305	6004a99e0a720f05f3000095
6004a99e0a720f05f300009516	058496723002	6004a99e0a720f05f3000095
6004a99e0a720f05f300009517	058449450023	6004a99e0a720f05f3000095
6004a99e0a720f05f300009518	075450093070	6004a99e0a720f05f3000095
6004a99e0a720f05f300009519	048500256763	6004a99e0a720f05f3000095
6004a99e0a720f05f300009520	4816	6004a99e0a720f05f3000095
6004a99e0a720f05f300009522	4166	6004a99e0a720f05f3000095
6004a99e0a720f05f300009523	075450120400	6004a99e0a720f05f3000095
6004a99e0a720f05f300009525	036632011077	6004a99e0a720f05f3000095
6004a99e0a720f05f300009526	754500797204	6004a99e0a720f05f3000095
6004a99e0a720f05f300009528	075450085150	6004a99e0a720f05f3000095
6004a99e0a720f05f300009530	071007023095	6004a99e0a720f05f3000095
6004a99e0a720f05f300009531	072310001459	6004a99e0a720f05f3000095
6004a99e0a720f05f300009533	754502285808	6004a99e0a720f05f3000095
6004a99e0a720f05f300009535	041390024368	6004a99e0a720f05f3000095
6004a99e0a720f05f300009537	511111204206	6004a99e0a720f05f3000095
6004a99e0a720f05f300009538	043000716021	6004a99e0a720f05f3000095
6004a99e0a720f05f300009539	044500341720	6004a99e0a720f05f3000095
6004a99e0a720f05f300009540	754500958803	6004a99e0a720f05f3000095
6004a99e0a720f05f300009542	024105590051	6004a99e0a720f05f3000095
6004a99e0a720f05f300009543	21251000000	6004a99e0a720f05f3000095
6004a99e0a720f05f300009545	4060	6004a99e0a720f05f3000095
6004a99e0a720f05f300009547	048500052020	6004a99e0a720f05f3000095
6004a99e0a720f05f300009549	4069	6004a99e0a720f05f3000095
6004a99e0a720f05f300009553	754500973400	6004a99e0a720f05f3000095
6004a99e0a720f05f300009554	075450079760	6004a99e0a720f05f3000095
6004a99e0a720f05f300009555	754500947807	6004a99e0a720f05f3000095
6004a99e0a720f05f300009558	075450085150	6004a99e0a720f05f3000095
6004a99e0a720f05f300009561	039400015031	6004a99e0a720f05f3000095
6004a99e0a720f05f300009562	025500204215	6004a99e0a720f05f3000095
6004a99e0a720f05f300009563	754501311409	6004a99e0a720f05f3000095
6004a99e0a720f05f300009565	754502285808	6004a99e0a720f05f3000095
6004a99e0a720f05f300009566	754500355602	6004a99e0a720f05f3000095
6004a99e0a720f05f300009567	041000004087	6004a99e0a720f05f3000095
6004a99e0a720f05f300009568	058449450023	6004a99e0a720f05f3000095
6004a99e0a720f05f300009570	044500341720	6004a99e0a720f05f3000095
6004a99e0a720f05f300009572	024105590051	6004a99e0a720f05f3000095
6004a99e0a720f05f300009573	021000604647	6004a99e0a720f05f3000095
6004a99e0a720f05f300009574	21251000000	6004a99e0a720f05f3000095
6004a99e0a720f05f300009575	071430010051	6004a99e0a720f05f3000095
6004a99e0a720f05f300009578	071146002487	6004a99e0a720f05f3000095
6004a99e0a720f05f300009579	26623200000	6004a99e0a720f05f3000095
6004a99e0a720f05f300009583	754502285808	6004a99e0a720f05f3000095
6004a99e0a720f05f300009584	754500355602	6004a99e0a720f05f3000095
6004a99e0a720f05f300009586	018627030010	6004a99e0a720f05f3000095
6004a99e0a720f05f300009587	041000004087	6004a99e0a720f05f3000095
6004a99e0a720f05f300009588	058449450023	6004a99e0a720f05f3000095
6004a99e0a720f05f300009590	044500341720	6004a99e0a720f05f3000095
6004a99e0a720f05f300009592	024105590051	6004a99e0a720f05f3000095
6004a99e0a720f05f300009593	021000604647	6004a99e0a720f05f3000095
6004a99e0a720f05f300009594	21251000000	6004a99e0a720f05f3000095
6004a99e0a720f05f300009595	071430010051	6004a99e0a720f05f3000095
6004a99e0a720f05f300009598	071146002487	6004a99e0a720f05f3000095
6004a99e0a720f05f3000095101	754500638101	6004a99e0a720f05f3000095
6004a99e0a720f05f3000095103	511111001485	6004a99e0a720f05f3000095
6004a99e0a720f05f3000095104	305731769203	6004a99e0a720f05f3000095
6004a99e0a720f05f3000095106	048000007070	6004a99e0a720f05f3000095
6004a99e0a720f05f3000095108	015300430594	6004a99e0a720f05f3000095
6004a99e0a720f05f3000095110	511111001485	6004a99e0a720f05f3000095
6004a99e0a720f05f3000095111	009800300037	6004a99e0a720f05f3000095
6004a99e0a720f05f3000095114	754500990209	6004a99e0a720f05f3000095
6004a99e0a720f05f3000095115	014113910026	6004a99e0a720f05f3000095
6004a99e0a720f05f3000095116	012000809941	6004a99e0a720f05f3000095
6004a99e0a720f05f3000095117	041000022623	6004a99e0a720f05f3000095
6004a99e0a720f05f3000095119	041000022623	6004a99e0a720f05f3000095
6004a99e0a720f05f3000095120	036000391718	6004a99e0a720f05f3000095
6004a99e0a720f05f3000095121	036000391718	6004a99e0a720f05f3000095
6004a99e0a720f05f3000095123	041000022623	6004a99e0a720f05f3000095
6004a99e0a720f05f3000095125	012000809941	6004a99e0a720f05f3000095
6004a99e0a720f05f3000095126	076840580750	6004a99e0a720f05f3000095
6001f2470a7214ad4c00007a1	22	6001f2470a7214ad4c00007a
60074bbf0a720f05fa0000391	043000041994	60074bbf0a720f05fa000039
600741fe0a7214ad890000011	043000068649	600741fe0a7214ad89000001
600741fe0a7214ad890000012	043000068649	600741fe0a7214ad89000001
600741fe0a7214ad890000013	043000068649	600741fe0a7214ad89000001
600741fe0a7214ad890000014	043000068649	600741fe0a7214ad89000001
600741fe0a7214ad890000015	043000068649	600741fe0a7214ad89000001
60074b8b0a7214ad890000291	021000051038	60074b8b0a7214ad89000029
6007423c0a720f05fa0000011	043000063897	6007423c0a720f05fa000001
600748640a720f05fa0000261	029000016705	600748640a720f05fa000026
60074bbd0a7214ad890000311	044700096321	60074bbd0a7214ad89000031
60074bbd0a7214ad890000312	044700096321	60074bbd0a7214ad89000031
60074bbd0a7214ad890000313	044700096321	60074bbd0a7214ad89000031
60074bbd0a7214ad890000314	044700096321	60074bbd0a7214ad89000031
60074bbd0a7214ad890000315	044700096321	60074bbd0a7214ad89000031
600746ce0a720f05fa0000171	044700070840	600746ce0a720f05fa000017
6007425e0a720f05fa00000a1	070085038403	6007425e0a720f05fa00000a
60074b930a7214ad8900002d1	044700065617	60074b930a7214ad8900002d
600746fb0a7214ad8900001b1	043000971635	600746fb0a7214ad8900001b
600742490a720f05fa0000041	686924113172	600742490a720f05fa000004
600742490a720f05fa0000042	686924113172	600742490a720f05fa000004
600742490a720f05fa0000043	686924113172	600742490a720f05fa000004
600742490a720f05fa0000044	686924113172	600742490a720f05fa000004
600742490a720f05fa0000045	686924113172	600742490a720f05fa000004
60074bcb0a7214ad890000371	043000075340	60074bcb0a7214ad89000037
6007424d0a720f05fa0000061	021000054862	6007424d0a720f05fa000006
60074b900a7214ad8900002b1	022174070214	60074b900a7214ad8900002b
60074bcc0a7214ad890000381	021000679201	60074bcc0a7214ad89000038
60074bcc0a7214ad890000382	021000679201	60074bcc0a7214ad89000038
60074bcc0a7214ad890000383	021000679201	60074bcc0a7214ad89000038
60074bcc0a7214ad890000384	021000679201	60074bcc0a7214ad89000038
60074bcc0a7214ad890000385	021000679201	60074bcc0a7214ad89000038
600746fd0a720f05fa00001f1	087684002872	600746fd0a720f05fa00001f
6006f2d10a7214ad4c00008b1	012000809941	6006f2d10a7214ad4c00008b
6006f2d10a7214ad4c00008b2	028400642033	6006f2d10a7214ad4c00008b
6006f2d10a7214ad4c00008b4	041000022623	6006f2d10a7214ad4c00008b
600746ea0a720f05fa00001b1	071871542067	600746ea0a720f05fa00001b
600746d90a7214ad890000151	025800000524	600746d90a7214ad89000015
600746c60a7214ad890000111	013000010917	600746c60a7214ad89000011
600746cd0a7214ad890000131	013000000635	600746cd0a7214ad89000013
600746cd0a7214ad890000132	013000000635	600746cd0a7214ad89000013
600746cd0a7214ad890000133	013000000635	600746cd0a7214ad89000013
600746cd0a7214ad890000134	013000000635	600746cd0a7214ad89000013
600746cd0a7214ad890000135	013000000635	600746cd0a7214ad89000013
600742420a720f05fa0000031	029000021273	600742420a720f05fa000003
600746c90a7214ad890000121	071040063188	600746c90a7214ad89000012
600746c90a7214ad890000122	071040063188	600746c90a7214ad89000012
600746c90a7214ad890000123	071040063188	600746c90a7214ad89000012
600746c90a7214ad890000124	071040063188	600746c90a7214ad89000012
600746c90a7214ad890000125	071040063188	600746c90a7214ad89000012
600746c00a7214ad8900000f1	021000054961	600746c00a7214ad8900000f
600746c00a7214ad8900000f2	021000054961	600746c00a7214ad8900000f
600746c00a7214ad8900000f3	021000054961	600746c00a7214ad8900000f
600746c00a7214ad8900000f4	021000054961	600746c00a7214ad8900000f
600746c00a7214ad8900000f5	021000054961	600746c00a7214ad8900000f
60074b8e0a7214ad8900002a1	022174070214	60074b8e0a7214ad8900002a
60074b7d0a720f05fa0000371	021000007363	60074b7d0a720f05fa000037
60074b7d0a720f05fa0000372	021000007363	60074b7d0a720f05fa000037
60074b7d0a720f05fa0000373	021000007363	60074b7d0a720f05fa000037
60074b7d0a720f05fa0000374	021000007363	60074b7d0a720f05fa000037
60074b7d0a720f05fa0000375	021000007363	60074b7d0a720f05fa000037
60074b7d0a720f05fa0000376	021000007363	60074b7d0a720f05fa000037
60074b7d0a720f05fa0000377	021000007363	60074b7d0a720f05fa000037
60074b7d0a720f05fa0000378	021000007363	60074b7d0a720f05fa000037
60074b7d0a720f05fa0000379	021000007363	60074b7d0a720f05fa000037
60074b9a0a7214ad890000301	019582000117	60074b9a0a7214ad89000030
60074b960a7214ad8900002e1	021000604906	60074b960a7214ad8900002e
600746e80a7214ad890000171	021000644551	600746e80a7214ad89000017
60074bc60a7214ad890000341	043000204443	60074bc60a7214ad89000034
60074bc60a7214ad890000342	043000204443	60074bc60a7214ad89000034
60074bc60a7214ad890000343	043000204443	60074bc60a7214ad89000034
60074bc60a7214ad890000344	043000204443	60074bc60a7214ad89000034
60074bc60a7214ad890000345	043000204443	60074bc60a7214ad89000034
60088a100a7214ad890000bd3	036632011077	60088a100a7214ad890000bd
60088a100a7214ad890000bd7	075706191031	60088a100a7214ad890000bd
60088a100a7214ad890000bd9	019600920106	60088a100a7214ad890000bd
60088a100a7214ad890000bd11	028189000079	60088a100a7214ad890000bd
60088a100a7214ad890000bd12	754500326305	60088a100a7214ad890000bd
60088a100a7214ad890000bd16	058496723002	60088a100a7214ad890000bd
60088a100a7214ad890000bd17	058449450023	60088a100a7214ad890000bd
60088a100a7214ad890000bd18	075450093070	60088a100a7214ad890000bd
60088a100a7214ad890000bd19	048500256763	60088a100a7214ad890000bd
60088a100a7214ad890000bd20	4816	60088a100a7214ad890000bd
60088a100a7214ad890000bd22	4166	60088a100a7214ad890000bd
60088a100a7214ad890000bd23	075450120400	60088a100a7214ad890000bd
60088a100a7214ad890000bd25	036632011077	60088a100a7214ad890000bd
60088a100a7214ad890000bd26	754500797204	60088a100a7214ad890000bd
60088a100a7214ad890000bd28	075450085150	60088a100a7214ad890000bd
60088a100a7214ad890000bd30	071007023095	60088a100a7214ad890000bd
60088a100a7214ad890000bd31	072310001459	60088a100a7214ad890000bd
60088a100a7214ad890000bd33	754502285808	60088a100a7214ad890000bd
60088a100a7214ad890000bd35	041390024368	60088a100a7214ad890000bd
60088a100a7214ad890000bd37	511111204206	60088a100a7214ad890000bd
60088a100a7214ad890000bd38	043000716021	60088a100a7214ad890000bd
60088a100a7214ad890000bd39	044500341720	60088a100a7214ad890000bd
60088a100a7214ad890000bd40	754500958803	60088a100a7214ad890000bd
60088a100a7214ad890000bd42	024105590051	60088a100a7214ad890000bd
60088a100a7214ad890000bd43	21251000000	60088a100a7214ad890000bd
60088a100a7214ad890000bd45	4060	60088a100a7214ad890000bd
60088a100a7214ad890000bd47	048500052020	60088a100a7214ad890000bd
60088a100a7214ad890000bd49	4069	60088a100a7214ad890000bd
60088a100a7214ad890000bd51	4093	60088a100a7214ad890000bd
60088a100a7214ad890000bd53	754500973400	60088a100a7214ad890000bd
60088a100a7214ad890000bd54	075450079760	60088a100a7214ad890000bd
60088a100a7214ad890000bd55	754500947807	60088a100a7214ad890000bd
60088a100a7214ad890000bd58	075450085150	60088a100a7214ad890000bd
60088a100a7214ad890000bd61	039400015031	60088a100a7214ad890000bd
60088a100a7214ad890000bd62	025500204215	60088a100a7214ad890000bd
60088a100a7214ad890000bd63	754501311409	60088a100a7214ad890000bd
60088a100a7214ad890000bd65	754502285808	60088a100a7214ad890000bd
60088a100a7214ad890000bd66	754500355602	60088a100a7214ad890000bd
60088a100a7214ad890000bd68	018627030010	60088a100a7214ad890000bd
60088a100a7214ad890000bd69	041000004087	60088a100a7214ad890000bd
60088a100a7214ad890000bd70	058449450023	60088a100a7214ad890000bd
60088a100a7214ad890000bd72	044500341720	60088a100a7214ad890000bd
60088a100a7214ad890000bd74	024105590051	60088a100a7214ad890000bd
60088a100a7214ad890000bd75	021000604647	60088a100a7214ad890000bd
60088a100a7214ad890000bd76	21251000000	60088a100a7214ad890000bd
60088a100a7214ad890000bd77	071430010051	60088a100a7214ad890000bd
60088a100a7214ad890000bd80	071146002487	60088a100a7214ad890000bd
60088a100a7214ad890000bd85	511111001485	60088a100a7214ad890000bd
60088a100a7214ad890000bd86	305731769203	60088a100a7214ad890000bd
60088a100a7214ad890000bd88	048000007070	60088a100a7214ad890000bd
60088a100a7214ad890000bd90	015300430594	60088a100a7214ad890000bd
60088a100a7214ad890000bd92	511111001485	60088a100a7214ad890000bd
60088a100a7214ad890000bd93	009800300037	60088a100a7214ad890000bd
60088a100a7214ad890000bd96	754500990209	60088a100a7214ad890000bd
60088a100a7214ad890000bd97	014113911979	60088a100a7214ad890000bd
60088a100a7214ad890000bd98	028400643061	60088a100a7214ad890000bd
60088a100a7214ad890000bd99	012000809941	60088a100a7214ad890000bd
60088a100a7214ad890000bd101	012000809941	60088a100a7214ad890000bd
60088a100a7214ad890000bd102	076840580750	60088a100a7214ad890000bd
60088a100a7214ad890000bd103	076840580750	60088a100a7214ad890000bd
60088a100a7214ad890000bd104	076840580750	60088a100a7214ad890000bd
60088a100a7214ad890000bd106	076840580750	60088a100a7214ad890000bd
60088a100a7214ad890000bd107	012000809941	60088a100a7214ad890000bd
60088a100a7214ad890000bd108	028400642033	60088a100a7214ad890000bd
60088a100a7214ad890000bd112	012000809941	60088a100a7214ad890000bd
60088a100a7214ad890000bd114	076840580750	60088a100a7214ad890000bd
60088a100a7214ad890000bd115	036000391718	60088a100a7214ad890000bd
60088a100a7214ad890000bd116	815473013279	60088a100a7214ad890000bd
60088d5d0a7214ad890000ed1	4011	60088d5d0a7214ad890000ed
600887560a720f05fa0000981	4011	600887560a720f05fa000098
60088a4e0a720f05fa0000da1	4011	60088a4e0a720f05fa0000da
60088e7f0a720f05fa00011e1	4011	60088e7f0a720f05fa00011e
60088e7f0a720f05fa00011e2	028400642255	60088e7f0a720f05fa00011e
60083ab50a7214ad890000491	021000029778	60083ab50a7214ad89000049
60088a460a720f05fa0000d51	4011	60088a460a720f05fa0000d5
600841da0a7214ad890000511	044700072813	600841da0a7214ad89000051
60085ba90a720f05fa00006a1	044700087145	60085ba90a720f05fa00006a
60085ba90a720f05fa00006a2	044700087145	60085ba90a720f05fa00006a
60085ba90a720f05fa00006a3	044700087145	60085ba90a720f05fa00006a
60085ba90a720f05fa00006a4	044700087145	60085ba90a720f05fa00006a
60085ba90a720f05fa00006a5	044700087145	60085ba90a720f05fa00006a
6008878f0a7214ad8900007b2	051500720011	6008878f0a7214ad8900007b
6008625b0a7214ad890000631	044700087329	6008625b0a7214ad89000063
60088d920a720f05fa0001092	051500720011	60088d920a720f05fa000109
600887ae0a7214ad8900008a1	4011	600887ae0a7214ad8900008a
60088a490a720f05fa0000d61	4011	60088a490a720f05fa0000d6
60088d580a7214ad890000eb1	4011	60088d580a7214ad890000eb
600887770a7214ad890000751	016000151024	600887770a7214ad89000075
60088a4d0a7214ad890000c71	4011	60088a4d0a7214ad890000c7
60088d600a7214ad890000ef1	4011	60088d600a7214ad890000ef
6008888f0a720f05fa0000b51	4011	6008888f0a720f05fa0000b5
6008888f0a720f05fa0000b52	1234	6008888f0a720f05fa0000b5
60088a670a720f05fa0000e01	4011	60088a670a720f05fa0000e0
60088a670a720f05fa0000e02	1234	60088a670a720f05fa0000e0
600788cd0a7214ad8900003a1	077567304124	600788cd0a7214ad8900003a
60085bad0a720f05fa00006c1	044700064238	60085bad0a720f05fa00006c
60085bad0a720f05fa00006c2	044700064238	60085bad0a720f05fa00006c
60085bad0a720f05fa00006c3	044700064238	60085bad0a720f05fa00006c
60085bad0a720f05fa00006c4	044700064238	60085bad0a720f05fa00006c
60085bad0a720f05fa00006c5	044700064238	60085bad0a720f05fa00006c
60088e670a720f05fa00011d1	4011	60088e670a720f05fa00011d
60088a4a0a7214ad890000c51	4011	60088a4a0a7214ad890000c5
600862490a720f05fa0000721	013120000843	600862490a720f05fa000072
600862490a720f05fa0000722	013120000843	600862490a720f05fa000072
600862490a720f05fa0000723	013120000843	600862490a720f05fa000072
600862490a720f05fa0000724	013120000843	600862490a720f05fa000072
600862490a720f05fa0000725	013120000843	600862490a720f05fa000072
600862490a720f05fa0000726	013120000843	600862490a720f05fa000072
600862490a720f05fa0000727	013120000843	600862490a720f05fa000072
600862490a720f05fa0000728	013120000843	600862490a720f05fa000072
600862490a720f05fa0000729	013120000843	600862490a720f05fa000072
600862490a720f05fa00007210	013120000843	600862490a720f05fa000072
60088af80a7214ad890000d61	4011	60088af80a7214ad890000d6
60088d5f0a720f05fa0000fc1	4011	60088d5f0a720f05fa0000fc
600862530a720f05fa0000741	021000006106	600862530a720f05fa000074
600862530a720f05fa0000742	021000006106	600862530a720f05fa000074
600862530a720f05fa0000743	021000006106	600862530a720f05fa000074
600862530a720f05fa0000744	021000006106	600862530a720f05fa000074
600862530a720f05fa0000745	021000006106	600862530a720f05fa000074
600862530a720f05fa0000746	021000006106	600862530a720f05fa000074
600862530a720f05fa0000747	021000006106	600862530a720f05fa000074
600862530a720f05fa0000748	021000006106	600862530a720f05fa000074
600862530a720f05fa0000749	021000006106	600862530a720f05fa000074
6008f2be0a720f05fa0001291	041000022623	6008f2be0a720f05fa000129
6008f2be0a720f05fa0001292	036000391718	6008f2be0a720f05fa000129
6009f5ea0a7214ada20000041	036000391718	6009f5ea0a7214ada2000004
6009f5ea0a7214ada20000042	041000022623	6009f5ea0a7214ada2000004
6009f5ea0a7214ada20000043	012000809941	6009f5ea0a7214ada2000004
6009f5ea0a7214ada200000415	511111802358	6009f5ea0a7214ada2000004
6008ee0e0a7214ad890001251	012000809965	6008ee0e0a7214ad89000125
6008ee0e0a7214ad890001252	511111101451	6008ee0e0a7214ad89000125
6008ee0e0a7214ad890001253	005111116022	6008ee0e0a7214ad89000125
6008ee0e0a7214ad890001254	511111602118	6008ee0e0a7214ad89000125
6008ee0e0a7214ad890001255	311111536044	6008ee0e0a7214ad89000125
6008ee0e0a7214ad890001256	074682200294	6008ee0e0a7214ad89000125
6008ee0e0a7214ad890001257	011594404013	6008ee0e0a7214ad89000125
6009889f0a7214ad890001331	013000006187	6009889f0a7214ad89000133
6009889f0a7214ad890001332	013000006187	6009889f0a7214ad89000133
6009889f0a7214ad890001333	013000006187	6009889f0a7214ad89000133
6009889f0a7214ad890001334	013000006187	6009889f0a7214ad89000133
6009889f0a7214ad890001335	013000006187	6009889f0a7214ad89000133
600988a30a720f05fa0001321	021000065547	600988a30a720f05fa000132
600988a30a720f05fa0001322	021000065547	600988a30a720f05fa000132
600988a30a720f05fa0001323	021000065547	600988a30a720f05fa000132
600988a30a720f05fa0001324	021000065547	600988a30a720f05fa000132
600988a30a720f05fa0001325	021000065547	600988a30a720f05fa000132
600992f90a720f05fa0001331	041000022623	600992f90a720f05fa000133
600992f90a720f05fa0001332	036000391718	600992f90a720f05fa000133
600992f90a720f05fa0001336	012000809941	600992f90a720f05fa000133
600992f90a720f05fa0001337	815473013279	600992f90a720f05fa000133
600992f90a720f05fa0001338	076840100354	600992f90a720f05fa000133
600992f90a720f05fa0001339	041000022623	600992f90a720f05fa000133
600992f90a720f05fa00013311	036000391718	600992f90a720f05fa000133
600992f90a720f05fa00013313	012000809941	600992f90a720f05fa000133
600992f90a720f05fa00013314	076840100354	600992f90a720f05fa000133
600992f90a720f05fa00013315	036000391718	600992f90a720f05fa000133
600992f90a720f05fa00013316	012000809941	600992f90a720f05fa000133
600992f90a720f05fa00013318	028400643061	600992f90a720f05fa000133
600992f90a720f05fa00013319	028400642033	600992f90a720f05fa000133
600992f90a720f05fa00013320	036000391718	600992f90a720f05fa000133
600992f90a720f05fa00013322	311111806949	600992f90a720f05fa000133
600992f90a720f05fa00013323	036000391718	600992f90a720f05fa000133
600992f90a720f05fa00013324	028400642033	600992f90a720f05fa000133
600992f90a720f05fa00013328	012000809941	600992f90a720f05fa000133
600992f90a720f05fa00013329	012000810022	600992f90a720f05fa000133
600992f90a720f05fa00013331	815473010360	600992f90a720f05fa000133
600992f90a720f05fa00013332	036000391718	600992f90a720f05fa000133
600992f90a720f05fa00013336	036000391718	600992f90a720f05fa000133
600992f90a720f05fa00013337	815473013279	600992f90a720f05fa000133
600992f90a720f05fa00013339	036000391718	600992f90a720f05fa000133
600992f90a720f05fa00013340	036000391718	600992f90a720f05fa000133
600992f90a720f05fa00013341	028400642033	600992f90a720f05fa000133
600992f90a720f05fa00013343	012000809941	600992f90a720f05fa000133
600992f90a720f05fa00013344	041000022623	600992f90a720f05fa000133
600992f90a720f05fa00013345	036000391718	600992f90a720f05fa000133
600992f90a720f05fa00013346	041000022623	600992f90a720f05fa000133
600992f90a720f05fa00013347	036000391718	600992f90a720f05fa000133
600988820a7214ad8900012b1	013000798952	600988820a7214ad8900012b
600988820a7214ad8900012b2	013000798952	600988820a7214ad8900012b
600988820a7214ad8900012b3	013000798952	600988820a7214ad8900012b
600988820a7214ad8900012b4	013000798952	600988820a7214ad8900012b
600988820a7214ad8900012b5	013000798952	600988820a7214ad8900012b
600988820a7214ad8900012b6	013000798952	600988820a7214ad8900012b
600988820a7214ad8900012b7	013000798952	600988820a7214ad8900012b
600988820a7214ad8900012b8	013000798952	600988820a7214ad8900012b
600988820a7214ad8900012b9	013000798952	600988820a7214ad8900012b
600988820a7214ad8900012b10	013000798952	600988820a7214ad8900012b
600988560a7214ad890001271	044700071748	600988560a7214ad89000127
6009889a0a720f05fa00012f1	043000032275	6009889a0a720f05fa00012f
6009889a0a720f05fa00012f2	043000032275	6009889a0a720f05fa00012f
6009889a0a720f05fa00012f3	043000032275	6009889a0a720f05fa00012f
6009889a0a720f05fa00012f4	043000032275	6009889a0a720f05fa00012f
6009889a0a720f05fa00012f5	043000032275	6009889a0a720f05fa00012f
6008f09d0a720f05fa0001281	815473013279	6008f09d0a720f05fa000128
6008f09d0a720f05fa0001282	076840100354	6008f09d0a720f05fa000128
6008f09d0a720f05fa0001286	815473013279	6008f09d0a720f05fa000128
6009885a0a7214ad890001291	044700024119	6009885a0a7214ad89000129
600988980a7214ad890001301	028400081382	600988980a7214ad89000130
600988900a7214ad8900012e1	021000046904	600988900a7214ad8900012e
6009a0b90a7214ada20000011	076840100354	6009a0b90a7214ada2000001
6009a0b90a7214ada20000012	028400642033	6009a0b90a7214ada2000001
6009a0b90a7214ada20000014	012000809941	6009a0b90a7214ada2000001
6009a0b90a7214ada20000015	815473010360	6009a0b90a7214ada2000001
60099c3c0a7214ad890001351	012000809941	60099c3c0a7214ad89000135
60099c3c0a7214ad890001352	028400642033	60099c3c0a7214ad89000135
60099c3c0a7214ad890001353	041000022623	60099c3c0a7214ad89000135
60099c3c0a7214ad890001359	815473013279	60099c3c0a7214ad89000135
60099c3c0a7214ad8900013511	053000069867	60099c3c0a7214ad89000135
60099c3c0a7214ad8900013513	311111806949	60099c3c0a7214ad89000135
60099c3c0a7214ad8900013515	012000004919	60099c3c0a7214ad89000135
60099c3c0a7214ad8900013517	028400642033	60099c3c0a7214ad89000135
60099c3c0a7214ad8900013518	028400643061	60099c3c0a7214ad89000135
60099c3c0a7214ad8900013523	076840580750	60099c3c0a7214ad89000135
60099c3c0a7214ad8900013525	036000391718	60099c3c0a7214ad89000135
60099c3c0a7214ad8900013526	012000809941	60099c3c0a7214ad89000135
60099c3c0a7214ad8900013527	076840580750	60099c3c0a7214ad89000135
60099c3c0a7214ad8900013529	028400643061	60099c3c0a7214ad89000135
60099c3c0a7214ad8900013530	028400642033	60099c3c0a7214ad89000135
60099c3c0a7214ad8900013532	311111806949	60099c3c0a7214ad89000135
60099c3c0a7214ad8900013533	815473012357	60099c3c0a7214ad89000135
60099c3c0a7214ad8900013536	036000391718	60099c3c0a7214ad89000135
60099c3c0a7214ad8900013542	041000022623	60099c3c0a7214ad89000135
60099c3c0a7214ad8900013543	036000391718	60099c3c0a7214ad89000135
60099c3c0a7214ad8900013544	012000809941	60099c3c0a7214ad89000135
60099c3c0a7214ad8900013545	076840580750	60099c3c0a7214ad89000135
60099c3c0a7214ad8900013548	076840580750	60099c3c0a7214ad89000135
60099c3c0a7214ad8900013550	311111806949	60099c3c0a7214ad89000135
60099c3c0a7214ad8900013554	041000022623	60099c3c0a7214ad89000135
60099c3c0a7214ad8900013555	028400643061	60099c3c0a7214ad89000135
60099c3c0a7214ad8900013557	036000391718	60099c3c0a7214ad89000135
60099c3c0a7214ad8900013558	028400643061	60099c3c0a7214ad89000135
60099c3c0a7214ad8900013560	311111806949	60099c3c0a7214ad89000135
60099c3c0a7214ad8900013561	012000809941	60099c3c0a7214ad89000135
60099c3c0a7214ad8900013562	028400643061	60099c3c0a7214ad89000135
60099c3c0a7214ad8900013568	311111806949	60099c3c0a7214ad89000135
60099c3c0a7214ad8900013569	076840100354	60099c3c0a7214ad89000135
60099c3c0a7214ad8900013570	076840580750	60099c3c0a7214ad89000135
60099c3c0a7214ad8900013571	028435383253	60099c3c0a7214ad89000135
60099c3c0a7214ad8900013572	036000119749	60099c3c0a7214ad89000135
60099c3c0a7214ad8900013573	048001154032	60099c3c0a7214ad89000135
60099c3c0a7214ad8900013574	041000022906	60099c3c0a7214ad89000135
60099c3c0a7214ad8900013578	311111806949	60099c3c0a7214ad89000135
60099c3c0a7214ad8900013584	311111806949	60099c3c0a7214ad89000135
60099c3c0a7214ad8900013587	012000809941	60099c3c0a7214ad89000135
60099c3c0a7214ad8900013588	076840580750	60099c3c0a7214ad89000135
60099c3c0a7214ad8900013589	048001154032	60099c3c0a7214ad89000135
60099c3c0a7214ad8900013590	311111806949	60099c3c0a7214ad89000135
60099c3c0a7214ad8900013592	076840100354	60099c3c0a7214ad89000135
60099c3c0a7214ad8900013593	028400643061	60099c3c0a7214ad89000135
60099c3c0a7214ad8900013594	076840580750	60099c3c0a7214ad89000135
60099c3c0a7214ad8900013595	028400643061	60099c3c0a7214ad89000135
60099c3c0a7214ad8900013598	028400642033	60099c3c0a7214ad89000135
60099c3c0a7214ad8900013599	815473012357	60099c3c0a7214ad89000135
60099c3c0a7214ad89000135103	076840580750	60099c3c0a7214ad89000135
60099c3c0a7214ad89000135104	311111806949	60099c3c0a7214ad89000135
60099c3c0a7214ad89000135105	028400642033	60099c3c0a7214ad89000135
60099c3c0a7214ad89000135108	016300165912	60099c3c0a7214ad89000135
60099c3c0a7214ad89000135109	311111806949	60099c3c0a7214ad89000135
60099c3c0a7214ad89000135110	012000809941	60099c3c0a7214ad89000135
60099c3c0a7214ad89000135111	012000810022	60099c3c0a7214ad89000135
60099c3c0a7214ad89000135112	311111806949	60099c3c0a7214ad89000135
60099c3c0a7214ad89000135113	815473013279	60099c3c0a7214ad89000135
60099c3c0a7214ad89000135114	076840100354	60099c3c0a7214ad89000135
60099c3c0a7214ad89000135115	036000391718	60099c3c0a7214ad89000135
60099c3c0a7214ad89000135116	028400642033	60099c3c0a7214ad89000135
60099c3c0a7214ad89000135117	028400642033	60099c3c0a7214ad89000135
60099c3c0a7214ad89000135120	076840100354	60099c3c0a7214ad89000135
60099c3c0a7214ad89000135121	028400641326	60099c3c0a7214ad89000135
60099c3c0a7214ad89000135123	012000810022	60099c3c0a7214ad89000135
6009e72c0a720f05350000031	012000809941	6009e72c0a720f0535000003
6009e72c0a720f05350000033	028400643061	6009e72c0a720f0535000003
6009e72c0a720f05350000034	076840580750	6009e72c0a720f0535000003
6009e72c0a720f05350000036	012000004919	6009e72c0a720f0535000003
6009e72c0a720f05350000037	815473013279	6009e72c0a720f0535000003
6009e72c0a720f05350000038	028400643061	6009e72c0a720f0535000003
6009e72c0a720f05350000039	076840580750	6009e72c0a720f0535000003
6009e72c0a720f053500000313	028400642033	6009e72c0a720f0535000003
6009e72c0a720f053500000314	076840580750	6009e72c0a720f0535000003
6009e72c0a720f053500000316	012000809941	6009e72c0a720f0535000003
6009e72c0a720f053500000317	036000391718	6009e72c0a720f0535000003
6009e72c0a720f053500000320	028400003988	6009e72c0a720f0535000003
6009e72c0a720f053500000321	041000022623	6009e72c0a720f0535000003
6009e72c0a720f053500000325	041000022623	6009e72c0a720f0535000003
6009e72c0a720f053500000327	012000809941	6009e72c0a720f0535000003
6009e72c0a720f053500000328	028400642033	6009e72c0a720f0535000003
6009e72c0a720f053500000329	076840100354	6009e72c0a720f0535000003
6009e72c0a720f053500000330	076840580750	6009e72c0a720f0535000003
6009e72c0a720f053500000331	036000391718	6009e72c0a720f0535000003
6009e72c0a720f053500000333	012000809941	6009e72c0a720f0535000003
6009e72c0a720f053500000335	036000391718	6009e72c0a720f0535000003
6009e72c0a720f053500000336	036000391718	6009e72c0a720f0535000003
6009e72c0a720f053500000337	036000391718	6009e72c0a720f0535000003
6009e72c0a720f053500000338	012000809941	6009e72c0a720f0535000003
6009e72c0a720f053500000339	815473010360	6009e72c0a720f0535000003
6009e72c0a720f053500000340	076840100354	6009e72c0a720f0535000003
6009e72c0a720f053500000342	041000022623	6009e72c0a720f0535000003
6009e72c0a720f053500000343	028400642033	6009e72c0a720f0535000003
6009e72c0a720f053500000344	041000022623	6009e72c0a720f0535000003
6009e72c0a720f053500000346	036000391718	6009e72c0a720f0535000003
6009e72c0a720f053500000347	041000022623	6009e72c0a720f0535000003
6009e72c0a720f053500000348	036000391718	6009e72c0a720f0535000003
6009e72c0a720f053500000350	036000391718	6009e72c0a720f0535000003
6009e72c0a720f053500000353	041000022623	6009e72c0a720f0535000003
6009e72c0a720f053500000354	012000809941	6009e72c0a720f0535000003
6009e72c0a720f053500000355	076840100354	6009e72c0a720f0535000003
6009e72c0a720f053500000362	815473010360	6009e72c0a720f0535000003
6009e72c0a720f053500000363	012000809941	6009e72c0a720f0535000003
6009e72c0a720f053500000364	041000022623	6009e72c0a720f0535000003
6009e72c0a720f053500000367	012000809941	6009e72c0a720f0535000003
6009e72c0a720f053500000370	012000809941	6009e72c0a720f0535000003
6009e72c0a720f053500000371	036000391718	6009e72c0a720f0535000003
6009e72c0a720f053500000372	076840580750	6009e72c0a720f0535000003
6009e72c0a720f053500000375	012000809941	6009e72c0a720f0535000003
6009e72c0a720f053500000377	028400643061	6009e72c0a720f0535000003
6009e72c0a720f053500000378	012000809941	6009e72c0a720f0535000003
6009e72c0a720f053500000382	311111806949	6009e72c0a720f0535000003
6009e72c0a720f053500000384	041000022623	6009e72c0a720f0535000003
6009e72c0a720f053500000385	076840100354	6009e72c0a720f0535000003
6009e72c0a720f053500000387	041000022623	6009e72c0a720f0535000003
6009e72c0a720f053500000388	028400642033	6009e72c0a720f0535000003
6009e72c0a720f053500000389	053000069867	6009e72c0a720f0535000003
6009e72c0a720f053500000393	036000391718	6009e72c0a720f0535000003
6009e72c0a720f053500000395	028400643061	6009e72c0a720f0535000003
6009e72c0a720f053500000399	076840100354	6009e72c0a720f0535000003
600988a10a720f05fa0001311	029000074361	600988a10a720f05fa000131
600988a10a720f05fa0001312	029000074361	600988a10a720f05fa000131
600988a10a720f05fa0001313	029000074361	600988a10a720f05fa000131
600988a10a720f05fa0001314	029000074361	600988a10a720f05fa000131
600988a10a720f05fa0001315	029000074361	600988a10a720f05fa000131
600988870a7214ad8900012c1	043000061732	600988870a7214ad8900012c
6009889e0a720f05fa0001301	021000068036	6009889e0a720f05fa000130
600988480a720f05fa00012b1	686924291290	600988480a720f05fa00012b
600988480a720f05fa00012b2	686924291290	600988480a720f05fa00012b
600988480a720f05fa00012b3	686924291290	600988480a720f05fa00012b
600988480a720f05fa00012b4	686924291290	600988480a720f05fa00012b
600988480a720f05fa00012b5	686924291290	600988480a720f05fa00012b
6009885c0a7214ad8900012a1	025800000159	6009885c0a7214ad8900012a
600988550a720f05fa00012e1	021000633609	600988550a720f05fa00012e
600988510a720f05fa00012c1	022174070214	600988510a720f05fa00012c
600996ac0a720f05fa0001341	012000809941	600996ac0a720f05fa000134
600996ac0a720f05fa0001342	076840100354	600996ac0a720f05fa000134
600996ac0a720f05fa0001343	076840100354	600996ac0a720f05fa000134
600996ac0a720f05fa0001346	028400642033	600996ac0a720f05fa000134
600996ac0a720f05fa0001347	041000022623	600996ac0a720f05fa000134
600996ac0a720f05fa0001348	012000809941	600996ac0a720f05fa000134
600996ac0a720f05fa00013410	041000022623	600996ac0a720f05fa000134
600996ac0a720f05fa00013411	036000391718	600996ac0a720f05fa000134
600996ac0a720f05fa00013412	076840100354	600996ac0a720f05fa000134
600996ac0a720f05fa00013413	028400642033	600996ac0a720f05fa000134
600996ac0a720f05fa00013417	036000391718	600996ac0a720f05fa000134
600996ac0a720f05fa00013419	041000022623	600996ac0a720f05fa000134
600996ac0a720f05fa00013421	012000809941	600996ac0a720f05fa000134
600996ac0a720f05fa00013423	012000809941	600996ac0a720f05fa000134
600996ac0a720f05fa00013427	076840580750	600996ac0a720f05fa000134
600996ac0a720f05fa00013429	028400643061	600996ac0a720f05fa000134
600996ac0a720f05fa00013430	036000391718	600996ac0a720f05fa000134
600996ac0a720f05fa00013434	036000391718	600996ac0a720f05fa000134
600996ac0a720f05fa00013438	036000391718	600996ac0a720f05fa000134
600996ac0a720f05fa00013440	028400643061	600996ac0a720f05fa000134
600996ac0a720f05fa00013441	041000022623	600996ac0a720f05fa000134
600996ac0a720f05fa00013442	036000391718	600996ac0a720f05fa000134
600996ac0a720f05fa00013445	041000022623	600996ac0a720f05fa000134
600996ac0a720f05fa00013446	028400643061	600996ac0a720f05fa000134
600996ac0a720f05fa00013448	028400643061	600996ac0a720f05fa000134
600996ac0a720f05fa00013450	028400642033	600996ac0a720f05fa000134
600996ac0a720f05fa00013452	041000022623	600996ac0a720f05fa000134
600996ac0a720f05fa00013455	076840580750	600996ac0a720f05fa000134
600996ac0a720f05fa00013457	041000022623	600996ac0a720f05fa000134
600996ac0a720f05fa00013458	041000022623	600996ac0a720f05fa000134
600996ac0a720f05fa00013459	076840580750	600996ac0a720f05fa000134
600996ac0a720f05fa00013460	076840580750	600996ac0a720f05fa000134
600996ac0a720f05fa00013463	076840580750	600996ac0a720f05fa000134
600996ac0a720f05fa00013465	076840580750	600996ac0a720f05fa000134
600996ac0a720f05fa00013466	028400643061	600996ac0a720f05fa000134
600996ac0a720f05fa00013469	311111806949	600996ac0a720f05fa000134
600996ac0a720f05fa00013471	076840580750	600996ac0a720f05fa000134
600996ac0a720f05fa00013474	076840100354	600996ac0a720f05fa000134
600996ac0a720f05fa00013476	076840580750	600996ac0a720f05fa000134
600996ac0a720f05fa00013477	028400643061	600996ac0a720f05fa000134
600996ac0a720f05fa00013479	076840100354	600996ac0a720f05fa000134
600996ac0a720f05fa00013480	036000391718	600996ac0a720f05fa000134
600996ac0a720f05fa00013481	076840580750	600996ac0a720f05fa000134
600996ac0a720f05fa00013482	012000809941	600996ac0a720f05fa000134
600996ac0a720f05fa00013483	076840100354	600996ac0a720f05fa000134
600996ac0a720f05fa00013484	028400642033	600996ac0a720f05fa000134
600996ac0a720f05fa00013485	028400642033	600996ac0a720f05fa000134
600996ac0a720f05fa00013492	036000391718	600996ac0a720f05fa000134
600996ac0a720f05fa00013493	311111806949	600996ac0a720f05fa000134
600996ac0a720f05fa00013494	028400642033	600996ac0a720f05fa000134
600996ac0a720f05fa00013495	311111806949	600996ac0a720f05fa000134
600996ac0a720f05fa00013496	076840100354	600996ac0a720f05fa000134
600996ac0a720f05fa00013497	076840100354	600996ac0a720f05fa000134
600996ac0a720f05fa00013498	076840580750	600996ac0a720f05fa000134
600996ac0a720f05fa00013499	076840100354	600996ac0a720f05fa000134
600996ac0a720f05fa000134100	012000809941	600996ac0a720f05fa000134
600996ac0a720f05fa000134103	028400643061	600996ac0a720f05fa000134
600996ac0a720f05fa000134107	012000809941	600996ac0a720f05fa000134
600996ac0a720f05fa000134108	012000809941	600996ac0a720f05fa000134
600996ac0a720f05fa000134109	311111806949	600996ac0a720f05fa000134
600996ac0a720f05fa000134110	041000022623	600996ac0a720f05fa000134
600996ac0a720f05fa000134111	036000391718	600996ac0a720f05fa000134
600996ac0a720f05fa000134112	036000391718	600996ac0a720f05fa000134
600996ac0a720f05fa000134113	036000391718	600996ac0a720f05fa000134
600996ac0a720f05fa000134115	076840100354	600996ac0a720f05fa000134
600996ac0a720f05fa000134116	028400643061	600996ac0a720f05fa000134
600996ac0a720f05fa000134119	076840100354	600996ac0a720f05fa000134
600996ac0a720f05fa000134120	036000391718	600996ac0a720f05fa000134
600996ac0a720f05fa000134122	028400643061	600996ac0a720f05fa000134
600996ac0a720f05fa000134126	041000022623	600996ac0a720f05fa000134
600b2dd60a7214ada200000b1	076840100354	600b2dd60a7214ada200000b
600b2dd60a7214ada200000b2	076840580750	600b2dd60a7214ada200000b
600b2dd60a7214ada200000b3	076840580750	600b2dd60a7214ada200000b
600b2dd60a7214ada200000b4	028400642033	600b2dd60a7214ada200000b
600b2dd60a7214ada200000b9	030000562383	600b2dd60a7214ada200000b
600b2dd60a7214ada200000b12	737628011506	600b2dd60a7214ada200000b
600b2dd60a7214ada200000b17	021000612239	600b2dd60a7214ada200000b
600b2dd60a7214ada200000b20	021000615315	600b2dd60a7214ada200000b
600b2dd60a7214ada200000b28	4011	600b2dd60a7214ada200000b
600b2dd60a7214ada200000b29	4011	600b2dd60a7214ada200000b
600b2dd60a7214ada200000b31	015000056087	600b2dd60a7214ada200000b
600b2dd60a7214ada200000b33	4068	600b2dd60a7214ada200000b
600b2dd60a7214ada200000b36	4225	600b2dd60a7214ada200000b
600b2dd60a7214ada200000b37	021000039340	600b2dd60a7214ada200000b
600b2dd60a7214ada200000b38	94094	600b2dd60a7214ada200000b
600b2dd60a7214ada200000b40	896859000489	600b2dd60a7214ada200000b
600b2dd60a7214ada200000b63	036000478044	600b2dd60a7214ada200000b
600b2dd60a7214ada200000b71	016000496361	600b2dd60a7214ada200000b
600b2dd60a7214ada200000b73	013800190215	600b2dd60a7214ada200000b
600b2dd60a7214ada200000b84	048001213517	600b2dd60a7214ada200000b
600affe60a7214ada20000095	030000562383	600affe60a7214ada2000009
600affe60a7214ada200000913	021000612239	600affe60a7214ada2000009
600a1a8d0a7214ada20000081	041000022623	600a1a8d0a7214ada2000008
600a1a8d0a7214ada20000084	012000809941	600a1a8d0a7214ada2000008
600a1a8d0a7214ada20000085	028400642033	600a1a8d0a7214ada2000008
600a1a8d0a7214ada200000816	511111802358	600a1a8d0a7214ada2000008
600a1a8d0a7214ada200000820	025500202310	600a1a8d0a7214ada2000008
600a1a8d0a7214ada200000832	048001213517	600a1a8d0a7214ada2000008
600a1a8d0a7214ada200000841	043000009604	600a1a8d0a7214ada2000008
600a1a8d0a7214ada200000842	311111452382	600a1a8d0a7214ada2000008
600a1a8d0a7214ada200000843	311111511867	600a1a8d0a7214ada2000008
600a1a8d0a7214ada200000849	021834033316	600a1a8d0a7214ada2000008
600a1a8d0a7214ada200000850	021834033316	600a1a8d0a7214ada2000008
600a1a8d0a7214ada200000854	23572500000	600a1a8d0a7214ada2000008
600a1a8d0a7214ada200000858	012000106057	600a1a8d0a7214ada2000008
600a1a8d0a7214ada200000859	012000000171	600a1a8d0a7214ada2000008
600a1a8d0a7214ada200000860	012000010736	600a1a8d0a7214ada2000008
600a1a8d0a7214ada200000865	511111101451	600a1a8d0a7214ada2000008
600a1a8d0a7214ada200000871	043000050910	600a1a8d0a7214ada2000008
600a1a8d0a7214ada200000872	043000050910	600a1a8d0a7214ada2000008
600a1a8d0a7214ada200000878	071100211474	600a1a8d0a7214ada2000008
600a1a8d0a7214ada200000879	4540	600a1a8d0a7214ada2000008
600a1a8d0a7214ada200000882	4090	600a1a8d0a7214ada2000008
600a1a8d0a7214ada200000885	311111452382	600a1a8d0a7214ada2000008
600a1a8d0a7214ada200000886	311111452382	600a1a8d0a7214ada2000008
600a1a8d0a7214ada200000889	311111452382	600a1a8d0a7214ada2000008
600a1a8d0a7214ada200000894	612669316714	600a1a8d0a7214ada2000008
600a1a8d0a7214ada2000008102	041129411506	600a1a8d0a7214ada2000008
600a1a8d0a7214ada2000008103	311111603920	600a1a8d0a7214ada2000008
600a1a8d0a7214ada2000008107	044000043254	600a1a8d0a7214ada2000008
600a1a8d0a7214ada2000008108	048001154049	600a1a8d0a7214ada2000008
600a1a8d0a7214ada2000008109	071100006681	600a1a8d0a7214ada2000008
600a1a8d0a7214ada2000008112	021000065127	600a1a8d0a7214ada2000008
600a1a8d0a7214ada2000008116	044700098752	600a1a8d0a7214ada2000008
600a1a8d0a7214ada2000008125	4061	600a1a8d0a7214ada2000008
600a1a8d0a7214ada2000008151	311111705006	600a1a8d0a7214ada2000008
600a1a8d0a7214ada2000008152	044700061909	600a1a8d0a7214ada2000008
600a1a8d0a7214ada2000008173	511111901587	600a1a8d0a7214ada2000008
600a1a8d0a7214ada2000008197	021000026999	600a1a8d0a7214ada2000008
600a1a8d0a7214ada2000008200	041500220208	600a1a8d0a7214ada2000008
600a1a8d0a7214ada2000008202	4066	600a1a8d0a7214ada2000008
600a1a8d0a7214ada2000008203	021000701445	600a1a8d0a7214ada2000008
600afbd90a720f053500000b3	076840580750	600afbd90a720f053500000b
600afbd90a720f053500000b4	815473013279	600afbd90a720f053500000b
600afbd90a720f053500000b5	036000391718	600afbd90a720f053500000b
600afbd90a720f053500000b6	076840580750	600afbd90a720f053500000b
600afbd90a720f053500000b7	4562	600afbd90a720f053500000b
600afbd90a720f053500000b11	016000877009	600afbd90a720f053500000b
600afbd90a720f053500000b12	052100625348	600afbd90a720f053500000b
600afbd90a720f053500000b17	511111802358	600afbd90a720f053500000b
600afbd90a720f053500000b21	025500005188	600afbd90a720f053500000b
600afbd90a720f053500000b23	029000017986	600afbd90a720f053500000b
600afbd90a720f053500000b30	023400022212	600afbd90a720f053500000b
600afbd90a720f053500000b32	041695151721	600afbd90a720f053500000b
600afbd90a720f053500000b33	048001213517	600afbd90a720f053500000b
600afbd90a720f053500000b40	071100200058	600afbd90a720f053500000b
600afbd90a720f053500000b41	071100006681	600afbd90a720f053500000b
600afbd90a720f053500000b43	072310001244	600afbd90a720f053500000b
600afbd90a720f053500000b56	071100211474	600afbd90a720f053500000b
600afbd90a720f053500000b63	311111452382	600afbd90a720f053500000b
600afbd90a720f053500000b64	311111452382	600afbd90a720f053500000b
600afbd90a720f053500000b66	612669316714	600afbd90a720f053500000b
600afbd90a720f053500000b75	044000034030	600afbd90a720f053500000b
600afbd90a720f053500000b77	044000051051	600afbd90a720f053500000b
600afbd90a720f053500000b91	021000065127	600afbd90a720f053500000b
600afbd90a720f053500000b103	072220001808	600afbd90a720f053500000b
600b420b0a7214ada200000d1	076840100354	600b420b0a7214ada200000d
600b420b0a7214ada200000d2	076840580750	600b420b0a7214ada200000d
600b420b0a7214ada200000d3	076840580750	600b420b0a7214ada200000d
600b420b0a7214ada200000d4	028400642033	600b420b0a7214ada200000d
600b420b0a7214ada200000d5	016000854307	600b420b0a7214ada200000d
600b420b0a7214ada200000d8	311111434807	600b420b0a7214ada200000d
600b420b0a7214ada200000d9	016000877009	600b420b0a7214ada200000d
600b420b0a7214ada200000d10	016000126855	600b420b0a7214ada200000d
600b420b0a7214ada200000d13	020709100139	600b420b0a7214ada200000d
600b420b0a7214ada200000d14	021000037490	600b420b0a7214ada200000d
600b420b0a7214ada200000d15	511111802358	600b420b0a7214ada200000d
600b420b0a7214ada200000d16	022000014252	600b420b0a7214ada200000d
600b420b0a7214ada200000d21	029000073692	600b420b0a7214ada200000d
600b420b0a7214ada200000d27	511111902690	600b420b0a7214ada200000d
600b420b0a7214ada200000d39	311111149350	600b420b0a7214ada200000d
600b420b0a7214ada200000d41	048001213517	600b420b0a7214ada200000d
600b420b0a7214ada200000d48	071100309744	600b420b0a7214ada200000d
600b420b0a7214ada200000d49	311111445421	600b420b0a7214ada200000d
600b420b0a7214ada200000d51	072310001244	600b420b0a7214ada200000d
600b420b0a7214ada200000d52	041800200139	600b420b0a7214ada200000d
600b420b0a7214ada200000d60	26623200000	600b420b0a7214ada200000d
600b420b0a7214ada200000d66	311111511867	600b420b0a7214ada200000d
600b420b0a7214ada200000d67	311111511867	600b420b0a7214ada200000d
600b420b0a7214ada200000d68	311111511867	600b420b0a7214ada200000d
600b420b0a7214ada200000d81	070158008678	600b420b0a7214ada200000d
600b420b0a7214ada200000d82	070158008678	600b420b0a7214ada200000d
600b420b0a7214ada200000d98	511111704140	600b420b0a7214ada200000d
600b420b0a7214ada200000d100	737628011506	600b420b0a7214ada200000d
600b420b0a7214ada200000d101	737628011506	600b420b0a7214ada200000d
600b420b0a7214ada200000d102	861745000010	600b420b0a7214ada200000d
600b420b0a7214ada200000d112	4662	600b420b0a7214ada200000d
600b420b0a7214ada200000d114	511111104186	600b420b0a7214ada200000d
600b420b0a7214ada200000d116	4608	600b420b0a7214ada200000d
600b420b0a7214ada200000d117	511111704140	600b420b0a7214ada200000d
600b420b0a7214ada200000d118	041235000328	600b420b0a7214ada200000d
600b420b0a7214ada200000d120	737628011506	600b420b0a7214ada200000d
600b420b0a7214ada200000d121	737628011506	600b420b0a7214ada200000d
600af82f0a720f053500000a2	012000809941	600af82f0a720f053500000a
600af82f0a720f053500000a3	028400642033	600af82f0a720f053500000a
600af82f0a720f053500000a4	076840100354	600af82f0a720f053500000a
600af82f0a720f053500000a5	036000391718	600af82f0a720f053500000a
600af82f0a720f053500000a19	070158008678	600af82f0a720f053500000a
600af82f0a720f053500000a34	311111511867	600af82f0a720f053500000a
600af82f0a720f053500000a35	311111511867	600af82f0a720f053500000a
600af82f0a720f053500000a36	311111511867	600af82f0a720f053500000a
600af82f0a720f053500000a46	4614	600af82f0a720f053500000a
600af82f0a720f053500000a56	013120002588	600af82f0a720f053500000a
600af82f0a720f053500000a57	070492140003	600af82f0a720f053500000a
600af82f0a720f053500000a58	051700788262	600af82f0a720f053500000a
600af82f0a720f053500000a59	051700788262	600af82f0a720f053500000a
600af82f0a720f053500000a66	030000562383	600af82f0a720f053500000a
600af82f0a720f053500000a68	041483030917	600af82f0a720f053500000a
600af82f0a720f053500000a74	021000612239	600af82f0a720f053500000a
600af82f0a720f053500000a75	311111208538	600af82f0a720f053500000a
600af82f0a720f053500000a76	311111208538	600af82f0a720f053500000a
600af82f0a720f053500000a77	021000615315	600af82f0a720f053500000a
600af82f0a720f053500000a79	020169222341	600af82f0a720f053500000a
600af82f0a720f053500000a81	074904100104	600af82f0a720f053500000a
600af82f0a720f053500000a83	4225	600af82f0a720f053500000a
600af82f0a720f053500000a84	4225	600af82f0a720f053500000a
600af82f0a720f053500000a85	011110876942	600af82f0a720f053500000a
600af82f0a720f053500000a86	011110857132	600af82f0a720f053500000a
600af82f0a720f053500000a88	052100037509	600af82f0a720f053500000a
600af82f0a720f053500000a96	4068	600af82f0a720f053500000a
600af82f0a720f053500000a101	511111704140	600af82f0a720f053500000a
600af82f0a720f053500000a102	041235000328	600af82f0a720f053500000a
600af82f0a720f053500000a105	012000809941	600af82f0a720f053500000a
600af82f0a720f053500000a108	028400642033	600af82f0a720f053500000a
600b39f60a720f053500000e1	076840100354	600b39f60a720f053500000e
600b39f60a720f053500000e2	076840580750	600b39f60a720f053500000e
600b39f60a720f053500000e3	076840100354	600b39f60a720f053500000e
600b39f60a720f053500000e4	028400642033	600b39f60a720f053500000e
600b39f60a720f053500000e8	311111434807	600b39f60a720f053500000e
600b39f60a720f053500000e9	016000877009	600b39f60a720f053500000e
600b39f60a720f053500000e15	511111802358	600b39f60a720f053500000e
600b39f60a720f053500000e19	025500005188	600b39f60a720f053500000e
600b39f60a720f053500000e21	029000016156	600b39f60a720f053500000e
600b39f60a720f053500000e23	044600020020	600b39f60a720f053500000e
600b39f60a720f053500000e33	041321006357	600b39f60a720f053500000e
600b39f60a720f053500000e34	041695951130	600b39f60a720f053500000e
600b39f60a720f053500000e35	048001213517	600b39f60a720f053500000e
600b39f60a720f053500000e56	311111511867	600b39f60a720f053500000e
600b39f60a720f053500000e57	311111511867	600b39f60a720f053500000e
600b39f60a720f053500000e58	311111511867	600b39f60a720f053500000e
600b39f60a720f053500000e59	311111511867	600b39f60a720f053500000e
600b39f60a720f053500000e60	311111511867	600b39f60a720f053500000e
600b39f60a720f053500000e61	311111511867	600b39f60a720f053500000e
600b39f60a720f053500000e75	070158008678	600b39f60a720f053500000e
600b39f60a720f053500000e76	070158008678	600b39f60a720f053500000e
600b39f60a720f053500000e111	037466016023	600b39f60a720f053500000e
600b39f60a720f053500000e114	016000123151	600b39f60a720f053500000e
600b39f60a720f053500000e115	4023	600b39f60a720f053500000e
600b39f60a720f053500000e116	3435	600b39f60a720f053500000e
600b39f60a720f053500000e121	011110973009	600b39f60a720f053500000e
600b39f60a720f053500000e124	011110847454	600b39f60a720f053500000e
600b139e0a7214ada200000a1	053000069867	600b139e0a7214ada200000a
600b139e0a7214ada200000a10	016000877009	600b139e0a7214ada200000a
600b139e0a7214ada200000a16	511111802358	600b139e0a7214ada200000a
600b139e0a7214ada200000a17	022000014252	600b139e0a7214ada200000a
600b139e0a7214ada200000a20	025500005188	600b139e0a7214ada200000a
600b139e0a7214ada200000a22	029000073692	600b139e0a7214ada200000a
600b139e0a7214ada200000a33	041321006357	600b139e0a7214ada200000a
600b139e0a7214ada200000a34	048001213517	600b139e0a7214ada200000a
600b139e0a7214ada200000a44	041800200139	600b139e0a7214ada200000a
600b139e0a7214ada200000a69	070158008678	600b139e0a7214ada200000a
600b139e0a7214ada200000a70	070158008678	600b139e0a7214ada200000a
600b139e0a7214ada200000a118	021834033316	600b139e0a7214ada200000a
600b139e0a7214ada200000a119	034695123621	600b139e0a7214ada200000a
600b139e0a7214ada200000a121	051611165893	600b139e0a7214ada200000a
600b139e0a7214ada200000a123	23572500000	600b139e0a7214ada200000a
600b139e0a7214ada200000a125	071279275024	600b139e0a7214ada200000a
600b139e0a7214ada200000a127	012000106057	600b139e0a7214ada200000a
600b139e0a7214ada200000a128	012000000171	600b139e0a7214ada200000a
600b139e0a7214ada200000a129	012000010736	600b139e0a7214ada200000a
600b139e0a7214ada200000a139	076840400218	600b139e0a7214ada200000a
600b139e0a7214ada200000a140	076840400218	600b139e0a7214ada200000a
600b139e0a7214ada200000a144	071430000724	600b139e0a7214ada200000a
600b139e0a7214ada200000a146	037466016023	600b139e0a7214ada200000a
600b139e0a7214ada200000a148	016000124790	600b139e0a7214ada200000a
600b139e0a7214ada200000a150	4023	600b139e0a7214ada200000a
600b139e0a7214ada200000a151	3283	600b139e0a7214ada200000a
600a1e270a720f05350000091	815473013279	600a1e270a720f0535000009
600a1e270a720f053500000917	511111802358	600a1e270a720f0535000009
600a1e270a720f053500000921	025500202310	600a1e270a720f0535000009
600a1e270a720f053500000933	048001213517	600a1e270a720f0535000009
600a1e270a720f053500000940	076840400218	600a1e270a720f0535000009
600a1e270a720f053500000941	076840400218	600a1e270a720f0535000009
600a1e270a720f053500000942	076840400218	600a1e270a720f0535000009
600a1e270a720f053500000943	076840400218	600a1e270a720f0535000009
600a1e270a720f053500000975	071100211474	600a1e270a720f0535000009
600a1e270a720f053500000976	4540	600a1e270a720f0535000009
600a1e270a720f053500000982	311111452382	600a1e270a720f0535000009
600a1e270a720f053500000983	311111452382	600a1e270a720f0535000009
600a1e270a720f053500000984	076840580750	600a1e270a720f0535000009
600a1e270a720f053500000992	072220001808	600a1e270a720f0535000009
600a1e270a720f0535000009103	4066	600a1e270a720f0535000009
600a1e270a720f0535000009119	511111901587	600a1e270a720f0535000009
600a1e270a720f0535000009123	511111901587	600a1e270a720f0535000009
600a1e270a720f0535000009148	511111518044	600a1e270a720f0535000009
600a1e270a720f0535000009158	94023	600a1e270a720f0535000009
600a1e270a720f0535000009162	4072	600a1e270a720f0535000009
600a1e270a720f0535000009165	013800100320	600a1e270a720f0535000009
600ba6ae0a7214ada20000101	076840100354	600ba6ae0a7214ada2000010
600ba6ae0a7214ada20000102	036000391718	600ba6ae0a7214ada2000010
600ba6ae0a7214ada20000103	012000809941	600ba6ae0a7214ada2000010
600ba6ae0a7214ada20000107	4563	600ba6ae0a7214ada2000010
600ba6ae0a7214ada20000108	070446400009	600ba6ae0a7214ada2000010
600ba6ae0a7214ada200001010	311111434807	600ba6ae0a7214ada2000010
600ba6ae0a7214ada200001011	4614	600ba6ae0a7214ada2000010
600ba6ae0a7214ada200001012	016000126855	600ba6ae0a7214ada2000010
600ba6ae0a7214ada200001015	020709100139	600ba6ae0a7214ada2000010
600ba6ae0a7214ada200001023	029000021723	600ba6ae0a7214ada2000010
600ba6ae0a7214ada200001028	041196277470	600ba6ae0a7214ada2000010
600ba6ae0a7214ada200001033	311111149350	600ba6ae0a7214ada2000010
600ba6ae0a7214ada200001036	048001213517	600ba6ae0a7214ada2000010
600ba6ae0a7214ada200001045	076001350437	600ba6ae0a7214ada2000010
600ba6ae0a7214ada200001047	072310001244	600ba6ae0a7214ada2000010
600ba6ae0a7214ada200001082	4225	600ba6ae0a7214ada2000010
600ba6ae0a7214ada200001083	4053	600ba6ae0a7214ada2000010
600ba6ae0a7214ada200001084	013800104083	600ba6ae0a7214ada2000010
600ba6ae0a7214ada200001086	071100007077	600ba6ae0a7214ada2000010
600ba6ae0a7214ada200001089	041500220208	600ba6ae0a7214ada2000010
600ba6ae0a7214ada200001091	511111902690	600ba6ae0a7214ada2000010
600ba6ae0a7214ada200001092	074714086827	600ba6ae0a7214ada2000010
600ba6ae0a7214ada200001097	021000744152	600ba6ae0a7214ada2000010
600ba6ae0a7214ada2000010101	605806001307	600ba6ae0a7214ada2000010
600ba6ae0a7214ada2000010102	048500256763	600ba6ae0a7214ada2000010
600ba6ae0a7214ada2000010103	085000015889	600ba6ae0a7214ada2000010
600f41f60a7214ada20000371	022174070214	600f41f60a7214ada2000037
600ed4820a720f05350000151	046704096802	600ed4820a720f0535000015
600ed47e0a7214ada20000141	022174070214	600ed47e0a7214ada2000014
600ed49e0a7214ada200001b1	043000956113	600ed49e0a7214ada200001b
600f48940a720f05350000431	022174070214	600f48940a720f0535000043
600ed46b0a7214ada20000131	044700075302	600ed46b0a7214ada2000013
600eda0c0a7214ada200001e1	077661120460	600eda0c0a7214ada200001e
600eda0c0a7214ada200001e3	034000056644	600eda0c0a7214ada200001e
600eda0c0a7214ada200001e40	511111802358	600eda0c0a7214ada200001e
600eda0c0a7214ada200001e79	011110916068	600eda0c0a7214ada200001e
600f41d90a720f05350000321	021000069293	600f41d90a720f0535000032
600f01340a7214ada20000291	021000068883	600f01340a7214ada2000029
600f01340a7214ada20000292	021000068883	600f01340a7214ada2000029
600f01340a7214ada20000293	021000068883	600f01340a7214ada2000029
600f01340a7214ada20000294	021000068883	600f01340a7214ada2000029
600f01340a7214ada20000295	021000068883	600f01340a7214ada2000029
600f42070a7214ada200003c1	025155000149	600f42070a7214ada200003c
600f42070a7214ada200003c2	025155000149	600f42070a7214ada200003c
600f42070a7214ada200003c3	025155000149	600f42070a7214ada200003c
600f42070a7214ada200003c4	025155000149	600f42070a7214ada200003c
600f42070a7214ada200003c5	025155000149	600f42070a7214ada200003c
600f48860a720f053500003f1	043000062753	600f48860a720f053500003f
600f48860a720f053500003f2	043000062753	600f48860a720f053500003f
600f48860a720f053500003f3	043000062753	600f48860a720f053500003f
600f48860a720f053500003f4	043000062753	600f48860a720f053500003f
600f48860a720f053500003f5	043000062753	600f48860a720f053500003f
600f489d0a7214ada200004a1	759283001890	600f489d0a7214ada200004a
600f014d0a7214ada200002d1	043000000342	600f014d0a7214ada200002d
600f24970a720f053500002f2	016000437760	600f24970a720f053500002f
600f24970a720f053500002f4	016000877009	600f24970a720f053500002f
600f24970a720f053500002f5	016000126855	600f24970a720f053500002f
600f24970a720f053500002f8	020709100139	600f24970a720f053500002f
600f24970a720f053500002f9	021000045129	600f24970a720f053500002f
600f24970a720f053500002f10	016000877009	600f24970a720f053500002f
600f24970a720f053500002f11	016000126855	600f24970a720f053500002f
600f24970a720f053500002f14	020709100139	600f24970a720f053500002f
600f24970a720f053500002f15	021000045129	600f24970a720f053500002f
600f24970a720f053500002f18	022000014252	600f24970a720f053500002f
600f24970a720f053500002f21	025500005188	600f24970a720f053500002f
600f24970a720f053500002f24	029000016156	600f24970a720f053500002f
600f24970a720f053500002f25	029000016156	600f24970a720f053500002f
600f24970a720f053500002f26	038000052200	600f24970a720f053500002f
600f24970a720f053500002f29	038000138577	600f24970a720f053500002f
600f24970a720f053500002f36	041321006357	600f24970a720f053500002f
600f24970a720f053500002f39	041695103799	600f24970a720f053500002f
600f24970a720f053500002f41	048001213517	600f24970a720f053500002f
600f24970a720f053500002f47	053800123004	600f24970a720f053500002f
600f24970a720f053500002f48	053800123004	600f24970a720f053500002f
600f24970a720f053500002f50	071100006681	600f24970a720f053500002f
600f24970a720f053500002f53	072310001244	600f24970a720f053500002f
600f24970a720f053500002f54	041800200139	600f24970a720f053500002f
600f24970a720f053500002f61	23671200000	600f24970a720f053500002f
600f24970a720f053500002f66	23671200000	600f24970a720f053500002f
600f24970a720f053500002f67	26623200000	600f24970a720f053500002f
600f24970a720f053500002f109	764025930000	600f24970a720f053500002f
600f24970a720f053500002f121	070158008678	600f24970a720f053500002f
600f24970a720f053500002f122	070158008678	600f24970a720f053500002f
600f24970a720f053500002f152	889714000038	600f24970a720f053500002f
600f24970a720f053500002f177	043000009604	600f24970a720f053500002f
600f24970a720f053500002f180	076840580750	600f24970a720f053500002f
600f24970a720f053500002f181	076840100477	600f24970a720f053500002f
600f24970a720f053500002f185	070800179329	600f24970a720f053500002f
600f24970a720f053500002f186	021834033316	600f24970a720f053500002f
600f24970a720f053500002f187	021834033316	600f24970a720f053500002f
600f24970a720f053500002f188	021834033316	600f24970a720f053500002f
600f24970a720f053500002f189	021834033316	600f24970a720f053500002f
600f24970a720f053500002f190	034695123621	600f24970a720f053500002f
600f24970a720f053500002f191	042222336413	600f24970a720f053500002f
600f24970a720f053500002f193	070800179329	600f24970a720f053500002f
600f24970a720f053500002f194	021834033316	600f24970a720f053500002f
600f24970a720f053500002f195	021834033316	600f24970a720f053500002f
600f24970a720f053500002f196	021834033316	600f24970a720f053500002f
600f24970a720f053500002f197	021834033316	600f24970a720f053500002f
600f24970a720f053500002f198	034695123621	600f24970a720f053500002f
600f24970a720f053500002f199	042222336413	600f24970a720f053500002f
600f24970a720f053500002f200	051611165893	600f24970a720f053500002f
600f24970a720f053500002f202	23572500000	600f24970a720f053500002f
600f24970a720f053500002f204	071279275024	600f24970a720f053500002f
600f24970a720f053500002f207	012000171864	600f24970a720f053500002f
600f24970a720f053500002f208	012000000171	600f24970a720f053500002f
600f24970a720f053500002f209	012000010736	600f24970a720f053500002f
600f24970a720f053500002f221	043000050910	600f24970a720f053500002f
600f24970a720f053500002f222	043000050910	600f24970a720f053500002f
600f24970a720f053500002f223	043000050910	600f24970a720f053500002f
600f24970a720f053500002f224	049000012781	600f24970a720f053500002f
600f24970a720f053500002f225	049000010633	600f24970a720f053500002f
600f24970a720f053500002f228	051000228895	600f24970a720f053500002f
600f24970a720f053500002f232	071100211474	600f24970a720f053500002f
600f24970a720f053500002f233	074682200294	600f24970a720f053500002f
600f24970a720f053500002f234	078000010367	600f24970a720f053500002f
600f24970a720f053500002f236	4090	600f24970a720f053500002f
600f24970a720f053500002f242	076840580750	600f24970a720f053500002f
600f24970a720f053500002f243	011594404013	600f24970a720f053500002f
600f24970a720f053500002f249	076840580750	600f24970a720f053500002f
600f24970a720f053500002f250	011594404013	600f24970a720f053500002f
600f24970a720f053500002f259	4023	600f24970a720f053500002f
600f24970a720f053500002f260	4011	600f24970a720f053500002f
600f24970a720f053500002f269	4023	600f24970a720f053500002f
600f24970a720f053500002f270	4011	600f24970a720f053500002f
600f24970a720f053500002f281	041129411506	600f24970a720f053500002f
600f24970a720f053500002f284	044000034030	600f24970a720f053500002f
600f24970a720f053500002f285	044000039905	600f24970a720f053500002f
600f24970a720f053500002f286	044000051051	600f24970a720f053500002f
600f24970a720f053500002f287	048001154049	600f24970a720f053500002f
600f24970a720f053500002f288	071100006681	600f24970a720f053500002f
600f24970a720f053500002f289	071142004089	600f24970a720f053500002f
600f24970a720f053500002f291	021000065127	600f24970a720f053500002f
600f24970a720f053500002f295	044700098752	600f24970a720f053500002f
600f24970a720f053500002f302	050000274444	600f24970a720f053500002f
600f24970a720f053500002f306	072220001808	600f24970a720f053500002f
600f24970a720f053500002f323	4061	600f24970a720f053500002f
600f24970a720f053500002f326	071840205009	600f24970a720f053500002f
600f24970a720f053500002f327	077661137833	600f24970a720f053500002f
600f24970a720f053500002f328	077661120460	600f24970a720f053500002f
600f24970a720f053500002f331	034000056644	600f24970a720f053500002f
600f24970a720f053500002f369	767707013299	600f24970a720f053500002f
600f24970a720f053500002f370	071430000724	600f24970a720f053500002f
600f24970a720f053500002f371	767707013299	600f24970a720f053500002f
600f24970a720f053500002f374	037466016023	600f24970a720f053500002f
600f24970a720f053500002f378	034000056644	600f24970a720f053500002f
600f24970a720f053500002f379	034000056644	600f24970a720f053500002f
600f24970a720f053500002f380	016000124790	600f24970a720f053500002f
600f24970a720f053500002f381	016000124790	600f24970a720f053500002f
600f0cc70a720f053500002c2	016000437760	600f0cc70a720f053500002c
600f0cc70a720f053500002c4	016000877009	600f0cc70a720f053500002c
600f0cc70a720f053500002c5	016000126855	600f0cc70a720f053500002c
600f0cc70a720f053500002c8	020709100139	600f0cc70a720f053500002c
600f0cc70a720f053500002c9	021000045129	600f0cc70a720f053500002c
600f0cc70a720f053500002c12	020709100139	600f0cc70a720f053500002c
600f0cc70a720f053500002c13	021000045129	600f0cc70a720f053500002c
600f0cc70a720f053500002c19	025500005188	600f0cc70a720f053500002c
600f0cc70a720f053500002c22	029000016156	600f0cc70a720f053500002c
600f0cc70a720f053500002c23	038000052200	600f0cc70a720f053500002c
600f0cc70a720f053500002c26	038000138577	600f0cc70a720f053500002c
600f0cc70a720f053500002c36	041695103799	600f0cc70a720f053500002c
600f0cc70a720f053500002c38	048001213517	600f0cc70a720f053500002c
600f0cc70a720f053500002c44	041695103799	600f0cc70a720f053500002c
600f0cc70a720f053500002c46	048001213517	600f0cc70a720f053500002c
600f0cc70a720f053500002c52	053800123004	600f0cc70a720f053500002c
600f0cc70a720f053500002c53	053800123004	600f0cc70a720f053500002c
600f0cc70a720f053500002c55	071100006681	600f0cc70a720f053500002c
600f0cc70a720f053500002c58	072310001244	600f0cc70a720f053500002c
600f0cc70a720f053500002c59	041800200139	600f0cc70a720f053500002c
600f0cc70a720f053500002c66	23671200000	600f0cc70a720f053500002c
600f0cc70a720f053500002c67	26623200000	600f0cc70a720f053500002c
600f0cc70a720f053500002c109	764025930000	600f0cc70a720f053500002c
600f0cc70a720f053500002c121	070158008678	600f0cc70a720f053500002c
600f0cc70a720f053500002c122	070158008678	600f0cc70a720f053500002c
600f0cc70a720f053500002c133	078300054764	600f0cc70a720f053500002c
600f0cc70a720f053500002c138	011110916068	600f0cc70a720f053500002c
600f0cc70a720f053500002c153	889714000038	600f0cc70a720f053500002c
600f0cc70a720f053500002c173	051611165893	600f0cc70a720f053500002c
600f0cc70a720f053500002c175	23572500000	600f0cc70a720f053500002c
600f0cc70a720f053500002c177	071279275024	600f0cc70a720f053500002c
600f0cc70a720f053500002c180	012000171864	600f0cc70a720f053500002c
600f0cc70a720f053500002c181	012000000171	600f0cc70a720f053500002c
600f0cc70a720f053500002c182	012000010736	600f0cc70a720f053500002c
600f0cc70a720f053500002c192	4061	600f0cc70a720f053500002c
600f0cc70a720f053500002c195	071840205009	600f0cc70a720f053500002c
600f0cc70a720f053500002c196	077661137833	600f0cc70a720f053500002c
600f0cc70a720f053500002c197	077661120460	600f0cc70a720f053500002c
600f0cc70a720f053500002c202	4131	600f0cc70a720f053500002c
600f0cc70a720f053500002c203	4053	600f0cc70a720f053500002c
600f0cc70a720f053500002c209	034000040476	600f0cc70a720f053500002c
600f48750a7214ada20000411	021000054473	600f48750a7214ada2000041
600f48750a7214ada20000412	021000054473	600f48750a7214ada2000041
600f48750a7214ada20000413	021000054473	600f48750a7214ada2000041
600f48750a7214ada20000414	021000054473	600f48750a7214ada2000041
600f48750a7214ada20000415	021000054473	600f48750a7214ada2000041
600f48750a7214ada20000416	021000054473	600f48750a7214ada2000041
600f48750a7214ada20000417	021000054473	600f48750a7214ada2000041
600f48750a7214ada20000418	021000054473	600f48750a7214ada2000041
600f48750a7214ada20000419	021000054473	600f48750a7214ada2000041
600f41e60a720f05350000331	043000079232	600f41e60a720f0535000033
600ed4d90a7214ada200001c1	029000020351	600ed4d90a7214ada200001c
600ed4d90a7214ada200001c2	029000020351	600ed4d90a7214ada200001c
600ed4d90a7214ada200001c3	029000020351	600ed4d90a7214ada200001c
600ed4d90a7214ada200001c4	029000020351	600ed4d90a7214ada200001c
600ed4d90a7214ada200001c5	029000020351	600ed4d90a7214ada200001c
600f42050a7214ada200003b1	043000200520	600f42050a7214ada200003b
600f42050a7214ada200003b2	043000200520	600f42050a7214ada200003b
600f42050a7214ada200003b3	043000200520	600f42050a7214ada200003b
600f42050a7214ada200003b4	043000200520	600f42050a7214ada200003b
600f42050a7214ada200003b5	043000200520	600f42050a7214ada200003b
600ed4520a720f05350000121	044700009000	600ed4520a720f0535000012
600f012c0a720f05350000251	041129412152	600f012c0a720f0535000025
600f012c0a720f05350000252	041129412152	600f012c0a720f0535000025
600f012c0a720f05350000253	041129412152	600f012c0a720f0535000025
600f012c0a720f05350000254	041129412152	600f012c0a720f0535000025
600f012c0a720f05350000255	041129412152	600f012c0a720f0535000025
600f48900a720f05350000421	013000798303	600f48900a720f0535000042
600ed4910a7214ada20000181	021000043552	600ed4910a7214ada2000018
600ed4910a7214ada20000182	021000043552	600ed4910a7214ada2000018
600ed4910a7214ada20000183	021000043552	600ed4910a7214ada2000018
600ed4910a7214ada20000184	021000043552	600ed4910a7214ada2000018
600ed4910a7214ada20000185	021000043552	600ed4910a7214ada2000018
600f48880a7214ada20000441	087684009000	600f48880a7214ada2000044
600f01310a7214ada20000271	029000019201	600f01310a7214ada2000027
600f01310a7214ada20000272	029000019201	600f01310a7214ada2000027
600f01310a7214ada20000273	029000019201	600f01310a7214ada2000027
600f01310a7214ada20000274	029000019201	600f01310a7214ada2000027
600f01310a7214ada20000275	029000019201	600f01310a7214ada2000027
600f012a0a7214ada20000241	792851356565	600f012a0a7214ada2000024
600f485e0a720f053500003b1	044700073933	600f485e0a720f053500003b
600f485e0a720f053500003b2	044700073933	600f485e0a720f053500003b
600f485e0a720f053500003b3	044700073933	600f485e0a720f053500003b
600f485e0a720f053500003b4	044700073933	600f485e0a720f053500003b
600f485e0a720f053500003b5	044700073933	600f485e0a720f053500003b
600f41e40a7214ada20000331	043000003596	600f41e40a7214ada2000033
600f41fb0a720f05350000361	021000054190	600f41fb0a720f0535000036
600edb570a720f053500001d3	021131506940	600edb570a720f053500001d
600edb570a720f053500001d4	780993107565	600edb570a720f053500001d
600edb570a720f053500001d5	4066	600edb570a720f053500001d
600edb570a720f053500001d6	511111902690	600edb570a720f053500001d
600edb570a720f053500001d7	074714086643	600edb570a720f053500001d
600edb570a720f053500001d11	021000612239	600edb570a720f053500001d
600edb570a720f053500001d14	4135	600edb570a720f053500001d
600edb570a720f053500001d15	605806001307	600edb570a720f053500001d
600edb570a720f053500001d16	048500256763	600edb570a720f053500001d
600edb570a720f053500001d18	857183005120	600edb570a720f053500001d
600edb570a720f053500001d32	053800123004	600edb570a720f053500001d
600edb570a720f053500001d34	071100200058	600edb570a720f053500001d
600edb570a720f053500001d35	071100006681	600edb570a720f053500001d
600edb570a720f053500001d37	072310001244	600edb570a720f053500001d
600edb570a720f053500001d38	041800200139	600edb570a720f053500001d
600edb570a720f053500001d46	26623200000	600edb570a720f053500001d
600edb570a720f053500001d78	311111511867	600edb570a720f053500001d
600edb570a720f053500001d79	311111511867	600edb570a720f053500001d
600edb570a720f053500001d80	311111511867	600edb570a720f053500001d
600edb570a720f053500001d84	071430000724	600edb570a720f053500001d
600edb570a720f053500001d88	016000124790	600edb570a720f053500001d
600edb570a720f053500001d90	4023	600edb570a720f053500001d
600edb570a720f053500001d91	3435	600edb570a720f053500001d
600edb570a720f053500001d99	311111445421	600edb570a720f053500001d
600edb570a720f053500001d104	041449001401	600edb570a720f053500001d
600edb570a720f053500001d119	026800001924	600edb570a720f053500001d
600edb570a720f053500001d120	026800001924	600edb570a720f053500001d
600edb570a720f053500001d121	026800001924	600edb570a720f053500001d
600edb570a720f053500001d122	026800001924	600edb570a720f053500001d
600edb570a720f053500001d123	026800001924	600edb570a720f053500001d
600edb570a720f053500001d126	21075100000	600edb570a720f053500001d
600edb570a720f053500001d127	311111705006	600edb570a720f053500001d
600edb570a720f053500001d128	044700061909	600edb570a720f053500001d
600fb2160a7214ada20000531	041129634608	600fb2160a7214ada2000053
600fb2160a7214ada20000532	041129634608	600fb2160a7214ada2000053
600fb2160a7214ada20000533	041129634608	600fb2160a7214ada2000053
600fb2160a7214ada20000534	041129634608	600fb2160a7214ada2000053
600fb2160a7214ada20000535	041129634608	600fb2160a7214ada2000053
600fb2030a7214ada20000501	070221006693	600fb2030a7214ada2000050
600fb1e90a720f05350000491	021000642182	600fb1e90a720f0535000049
600fb2170a720f053500004e1	041129000052	600fb2170a720f053500004e
600fb21f0a7214ada20000561	021000049318	600fb21f0a7214ada2000056
600f39c30a7214ada20000302	016000437760	600f39c30a7214ada2000030
600f39c30a7214ada20000303	311111434807	600f39c30a7214ada2000030
600f39c30a7214ada20000304	016000877009	600f39c30a7214ada2000030
600f39c30a7214ada20000305	016000126855	600f39c30a7214ada2000030
600f39c30a7214ada20000308	020709100139	600f39c30a7214ada2000030
600f39c30a7214ada20000309	021000045129	600f39c30a7214ada2000030
600f39c30a7214ada200003011	016000437760	600f39c30a7214ada2000030
600f39c30a7214ada200003013	016000877009	600f39c30a7214ada2000030
600f39c30a7214ada200003014	016000126855	600f39c30a7214ada2000030
600f39c30a7214ada200003017	020709100139	600f39c30a7214ada2000030
600f39c30a7214ada200003018	021000045129	600f39c30a7214ada2000030
600f39c30a7214ada200003019	511111802358	600f39c30a7214ada2000030
600f39c30a7214ada200003021	022000014252	600f39c30a7214ada2000030
600f39c30a7214ada200003024	025500005188	600f39c30a7214ada2000030
600f39c30a7214ada200003027	025500005188	600f39c30a7214ada2000030
600f39c30a7214ada200003029	511111001768	600f39c30a7214ada2000030
600f39c30a7214ada200003030	029000016156	600f39c30a7214ada2000030
600f39c30a7214ada200003031	038000052200	600f39c30a7214ada2000030
600f39c30a7214ada200003034	038000138577	600f39c30a7214ada2000030
600f39c30a7214ada200003041	041321006357	600f39c30a7214ada2000030
600f39c30a7214ada200003046	041244000098	600f39c30a7214ada2000030
600f39c30a7214ada200003048	041321006357	600f39c30a7214ada2000030
600f39c30a7214ada200003051	041695103799	600f39c30a7214ada2000030
600f39c30a7214ada200003052	511111602118	600f39c30a7214ada2000030
600f39c30a7214ada200003053	048001213517	600f39c30a7214ada2000030
600f39c30a7214ada200003059	053800123004	600f39c30a7214ada2000030
600f39c30a7214ada200003060	053800123004	600f39c30a7214ada2000030
600f39c30a7214ada200003062	071100006681	600f39c30a7214ada2000030
600f39c30a7214ada200003063	311111445421	600f39c30a7214ada2000030
600f39c30a7214ada200003065	072310001244	600f39c30a7214ada2000030
600f39c30a7214ada200003066	041800200139	600f39c30a7214ada2000030
600f39c30a7214ada200003070	072310001244	600f39c30a7214ada2000030
600f39c30a7214ada200003071	041800200139	600f39c30a7214ada2000030
600f39c30a7214ada200003078	23671200000	600f39c30a7214ada2000030
600f39c30a7214ada200003079	26623200000	600f39c30a7214ada2000030
600f39c30a7214ada200003092	311111511867	600f39c30a7214ada2000030
600f39c30a7214ada200003093	311111511867	600f39c30a7214ada2000030
600f39c30a7214ada200003094	311111511867	600f39c30a7214ada2000030
600f39c30a7214ada200003095	311111511867	600f39c30a7214ada2000030
600f39c30a7214ada200003097	311111511867	600f39c30a7214ada2000030
600f39c30a7214ada2000030122	764025930000	600f39c30a7214ada2000030
600f39c30a7214ada2000030134	070158008678	600f39c30a7214ada2000030
600f39c30a7214ada2000030135	070158008678	600f39c30a7214ada2000030
600f39c30a7214ada2000030144	078300054764	600f39c30a7214ada2000030
600f39c30a7214ada2000030151	011110916068	600f39c30a7214ada2000030
600f39c30a7214ada2000030166	037000889427	600f39c30a7214ada2000030
600f39c30a7214ada2000030191	4078	600f39c30a7214ada2000030
600f39c30a7214ada2000030193	043000009604	600f39c30a7214ada2000030
600f39c30a7214ada2000030194	311111452382	600f39c30a7214ada2000030
600f39c30a7214ada2000030195	311111511867	600f39c30a7214ada2000030
600f39c30a7214ada2000030196	076840580750	600f39c30a7214ada2000030
600f39c30a7214ada2000030197	076840100477	600f39c30a7214ada2000030
600f39c30a7214ada2000030204	021834033316	600f39c30a7214ada2000030
600f39c30a7214ada2000030205	021834033316	600f39c30a7214ada2000030
600f39c30a7214ada2000030206	021834033316	600f39c30a7214ada2000030
600f39c30a7214ada2000030207	021834033316	600f39c30a7214ada2000030
600f39c30a7214ada2000030208	034695123621	600f39c30a7214ada2000030
600f39c30a7214ada2000030209	042222336413	600f39c30a7214ada2000030
600f39c30a7214ada2000030210	051611165893	600f39c30a7214ada2000030
600f39c30a7214ada2000030212	23572500000	600f39c30a7214ada2000030
600f39c30a7214ada2000030214	071279275024	600f39c30a7214ada2000030
600f39c30a7214ada2000030217	012000171864	600f39c30a7214ada2000030
600f39c30a7214ada2000030218	012000000171	600f39c30a7214ada2000030
600f39c30a7214ada2000030219	012000010736	600f39c30a7214ada2000030
600f39c30a7214ada2000030231	043000050910	600f39c30a7214ada2000030
600f39c30a7214ada2000030232	043000050910	600f39c30a7214ada2000030
600f39c30a7214ada2000030233	043000050910	600f39c30a7214ada2000030
600f39c30a7214ada2000030234	049000012781	600f39c30a7214ada2000030
600f39c30a7214ada2000030235	049000010633	600f39c30a7214ada2000030
600f39c30a7214ada2000030236	511111004127	600f39c30a7214ada2000030
600f39c30a7214ada2000030237	511111004127	600f39c30a7214ada2000030
600f39c30a7214ada2000030238	051000228895	600f39c30a7214ada2000030
600f39c30a7214ada2000030242	071100211474	600f39c30a7214ada2000030
600f39c30a7214ada2000030243	074682200294	600f39c30a7214ada2000030
600f39c30a7214ada2000030244	078000010367	600f39c30a7214ada2000030
600f39c30a7214ada2000030246	4090	600f39c30a7214ada2000030
600f39c30a7214ada2000030250	311111452382	600f39c30a7214ada2000030
600f39c30a7214ada2000030251	311111452382	600f39c30a7214ada2000030
600f39c30a7214ada2000030252	076840580750	600f39c30a7214ada2000030
600f39c30a7214ada2000030254	311111452382	600f39c30a7214ada2000030
600f39c30a7214ada2000030255	311111452382	600f39c30a7214ada2000030
600f39c30a7214ada2000030256	076840580750	600f39c30a7214ada2000030
600f39c30a7214ada2000030257	011594404013	600f39c30a7214ada2000030
600f39c30a7214ada2000030266	4023	600f39c30a7214ada2000030
600f39c30a7214ada2000030267	4011	600f39c30a7214ada2000030
600f39c30a7214ada2000030268	511111904175	600f39c30a7214ada2000030
600f39c30a7214ada2000030269	511111904175	600f39c30a7214ada2000030
600f39c30a7214ada2000030270	511111904175	600f39c30a7214ada2000030
600f39c30a7214ada2000030279	041129411506	600f39c30a7214ada2000030
600f39c30a7214ada2000030280	311111603920	600f39c30a7214ada2000030
600f39c30a7214ada2000030282	044000034030	600f39c30a7214ada2000030
600f39c30a7214ada2000030283	044000039905	600f39c30a7214ada2000030
600f39c30a7214ada2000030284	044000051051	600f39c30a7214ada2000030
600f39c30a7214ada2000030285	048001412538	600f39c30a7214ada2000030
600f39c30a7214ada2000030286	041129411506	600f39c30a7214ada2000030
600f39c30a7214ada2000030287	311111603920	600f39c30a7214ada2000030
600f39c30a7214ada2000030289	044000034030	600f39c30a7214ada2000030
600f39c30a7214ada2000030290	044000039905	600f39c30a7214ada2000030
600f39c30a7214ada2000030291	044000051051	600f39c30a7214ada2000030
600f39c30a7214ada2000030292	048001154049	600f39c30a7214ada2000030
600f39c30a7214ada2000030293	071100006681	600f39c30a7214ada2000030
600f39c30a7214ada2000030294	071142004089	600f39c30a7214ada2000030
600f39c30a7214ada2000030296	021000065127	600f39c30a7214ada2000030
600f39c30a7214ada2000030300	044700098752	600f39c30a7214ada2000030
600f39c30a7214ada2000030307	050000274444	600f39c30a7214ada2000030
600f39c30a7214ada2000030311	072220001808	600f39c30a7214ada2000030
600f39c30a7214ada2000030314	212245400006	600f39c30a7214ada2000030
600f39c30a7214ada2000030315	212245400006	600f39c30a7214ada2000030
600f39c30a7214ada2000030316	011110603746	600f39c30a7214ada2000030
600f39c30a7214ada2000030319	011110974525	600f39c30a7214ada2000030
600f39c30a7214ada2000030333	4061	600f39c30a7214ada2000030
600f39c30a7214ada2000030336	071840205009	600f39c30a7214ada2000030
600f39c30a7214ada2000030337	077661137833	600f39c30a7214ada2000030
600f39c30a7214ada2000030338	077661120460	600f39c30a7214ada2000030
600f39c30a7214ada2000030341	034000056644	600f39c30a7214ada2000030
600f39c30a7214ada2000030377	311111511867	600f39c30a7214ada2000030
600f39c30a7214ada2000030378	311111511867	600f39c30a7214ada2000030
600f39c30a7214ada2000030379	311111511867	600f39c30a7214ada2000030
600f39c30a7214ada2000030382	311111511867	600f39c30a7214ada2000030
600f39c30a7214ada2000030383	311111511867	600f39c30a7214ada2000030
600f39c30a7214ada2000030384	311111511867	600f39c30a7214ada2000030
600f39c30a7214ada2000030389	071430000724	600f39c30a7214ada2000030
600f39c30a7214ada2000030393	037466016023	600f39c30a7214ada2000030
600f39c30a7214ada2000030394	041260362873	600f39c30a7214ada2000030
600f39c30a7214ada2000030397	034000056644	600f39c30a7214ada2000030
600f39c30a7214ada2000030398	034000056644	600f39c30a7214ada2000030
600f39c30a7214ada2000030399	016000124790	600f39c30a7214ada2000030
600f39c30a7214ada2000030400	016000124790	600f39c30a7214ada2000030
600f39c30a7214ada2000030401	4023	600f39c30a7214ada2000030
600f39c30a7214ada2000030402	3435	600f39c30a7214ada2000030
600f39c30a7214ada2000030405	021000658831	600f39c30a7214ada2000030
600f39c30a7214ada2000030406	021000658831	600f39c30a7214ada2000030
600f39c30a7214ada2000030407	021000658831	600f39c30a7214ada2000030
600f39c30a7214ada2000030408	021000658831	600f39c30a7214ada2000030
600f39c30a7214ada2000030409	021000658831	600f39c30a7214ada2000030
600f39c30a7214ada2000030410	021000658831	600f39c30a7214ada2000030
600f39c30a7214ada2000030411	021000658831	600f39c30a7214ada2000030
600f39c30a7214ada2000030412	021000658831	600f39c30a7214ada2000030
600f39c30a7214ada2000030413	021000658831	600f39c30a7214ada2000030
600f39c30a7214ada2000030414	021000658831	600f39c30a7214ada2000030
600f39c30a7214ada2000030415	021000658831	600f39c30a7214ada2000030
600f39c30a7214ada2000030416	4067	600f39c30a7214ada2000030
600f39c30a7214ada2000030419	044300107700	600f39c30a7214ada2000030
600f39c30a7214ada2000030421	511111704140	600f39c30a7214ada2000030
600f39c30a7214ada2000030423	511111704140	600f39c30a7214ada2000030
600f39c30a7214ada2000030425	026800001924	600f39c30a7214ada2000030
600f39c30a7214ada2000030427	026800001924	600f39c30a7214ada2000030
600f39c30a7214ada2000030435	041449001401	600f39c30a7214ada2000030
600f39c30a7214ada2000030442	011110073747	600f39c30a7214ada2000030
600f39c30a7214ada2000030443	20750000000	600f39c30a7214ada2000030
600f39c30a7214ada2000030444	20750000000	600f39c30a7214ada2000030
600f39c30a7214ada2000030450	026800001924	600f39c30a7214ada2000030
600fb2130a7214ada20000521	077298000043	600fb2130a7214ada2000052
600fb1e80a7214ada200004e1	021000068852	600fb1e80a7214ada200004e
600fb2190a7214ada20000541	041258081601	600fb2190a7214ada2000054
600fb1e60a720f05350000481	021000055005	600fb1e60a720f0535000048
600fb1e50a7214ada200004d1	044700031711	600fb1e50a7214ada200004d
600fb21a0a720f053500004f1	021000049318	600fb21a0a720f053500004f
600fb21a0a720f053500004f2	021000049318	600fb21a0a720f053500004f
600fb21a0a720f053500004f3	021000049318	600fb21a0a720f053500004f
600fb21a0a720f053500004f4	021000049318	600fb21a0a720f053500004f
600fb21a0a720f053500004f5	021000049318	600fb21a0a720f053500004f
600fb2150a720f053500004d1	029000015630	600fb2150a720f053500004d
600fb2150a720f053500004d2	029000015630	600fb2150a720f053500004d
600fb2150a720f053500004d3	029000015630	600fb2150a720f053500004d
600fb2150a720f053500004d4	029000015630	600fb2150a720f053500004d
600fb2150a720f053500004d5	029000015630	600fb2150a720f053500004d
600fb1d80a7214ada200004b1	5000111047524	600fb1d80a7214ada200004b
600fb1d80a7214ada200004b2	5000111047524	600fb1d80a7214ada200004b
600fb1d80a7214ada200004b3	5000111047524	600fb1d80a7214ada200004b
600fb1d80a7214ada200004b4	5000111047524	600fb1d80a7214ada200004b
600fb1d80a7214ada200004b5	5000111047524	600fb1d80a7214ada200004b
600fb2110a720f053500004c1	043000081099	600fb2110a720f053500004c
600fb1dc0a720f05350000461	043000005217	600fb1dc0a720f0535000046
600fb1dc0a720f05350000462	043000005217	600fb1dc0a720f0535000046
600fb1dc0a720f05350000463	043000005217	600fb1dc0a720f0535000046
600fb1dc0a720f05350000464	043000005217	600fb1dc0a720f0535000046
600fb1dc0a720f05350000465	043000005217	600fb1dc0a720f0535000046
600fb21d0a720f05350000501	049900000345	600fb21d0a720f0535000050
600fb21d0a720f05350000502	049900000345	600fb21d0a720f0535000050
600fb21d0a720f05350000503	049900000345	600fb21d0a720f0535000050
600fb21d0a720f05350000504	049900000345	600fb21d0a720f0535000050
600fb21d0a720f05350000505	049900000345	600fb21d0a720f0535000050
600fb1ec0a7214ada200004f1	044700087558	600fb1ec0a7214ada200004f
600fb1e00a7214ada200004c1	022174070214	600fb1e00a7214ada200004c
600fb2060a720f053500004b1	021000037186	600fb2060a720f053500004b
600fb2060a720f053500004b2	021000037186	600fb2060a720f053500004b
600fb2060a720f053500004b3	021000037186	600fb2060a720f053500004b
600fb2060a720f053500004b4	021000037186	600fb2060a720f053500004b
600fb2060a720f053500004b5	021000037186	600fb2060a720f053500004b
600fb2060a720f053500004b6	021000037186	600fb2060a720f053500004b
600fb2060a720f053500004b7	021000037186	600fb2060a720f053500004b
600fb2060a720f053500004b8	021000037186	600fb2060a720f053500004b
600fb2060a720f053500004b9	021000037186	600fb2060a720f053500004b
600fb21c0a7214ada20000551	029000012578	600fb21c0a7214ada2000055
600fb21c0a7214ada20000552	029000012578	600fb21c0a7214ada2000055
600fb21c0a7214ada20000553	029000012578	600fb21c0a7214ada2000055
600fb21c0a7214ada20000554	029000012578	600fb21c0a7214ada2000055
600fb21c0a7214ada20000555	029000012578	600fb21c0a7214ada2000055
600fb1e20a720f05350000471	022174070214	600fb1e20a720f0535000047
600fb1fd0a720f053500004a1	025400076363	600fb1fd0a720f053500004a
600fb1fd0a720f053500004a2	025400076363	600fb1fd0a720f053500004a
600fb1fd0a720f053500004a3	025400076363	600fb1fd0a720f053500004a
600fb1fd0a720f053500004a4	025400076363	600fb1fd0a720f053500004a
600fb1fd0a720f053500004a5	025400076363	600fb1fd0a720f053500004a
600fb1fd0a720f053500004a6	025400076363	600fb1fd0a720f053500004a
600fb1fd0a720f053500004a7	025400076363	600fb1fd0a720f053500004a
600fb1fd0a720f053500004a8	025400076363	600fb1fd0a720f053500004a
600fb1fd0a720f053500004a9	025400076363	600fb1fd0a720f053500004a
600fb1fd0a720f053500004a10	025400076363	600fb1fd0a720f053500004a
600fb20b0a7214ada20000511	043000204405	600fb20b0a7214ada2000051
6011f39c0a720f05350000b41	4011	6011f39c0a720f05350000b4
6011f39c0a720f05350000b42	1234	6011f39c0a720f05350000b4
6010bdfa0a7214ada200005a1	013562300631	6010bdfa0a7214ada200005a
6010be200a7214ada200005e1	4011	6010be200a7214ada200005e
6011f3490a7214ada200010e1	4011	6011f3490a7214ada200010e
6011f3490a7214ada200010e2	028400642255	6011f3490a7214ada200010e
60118c0f0a7214ada200007e1	4011	60118c0f0a7214ada200007e
60118bea0a720f05350000641	4011	60118bea0a720f0535000064
60118c150a720f053500006d1	4011	60118c150a720f053500006d
6010bdf60a7214ada20000591	4011	6010bdf60a7214ada2000059
60118c3b0a7214ada20000892	051500720011	60118c3b0a7214ada2000089
6010be5a0a720f053500005a1	016000493025	6010be5a0a720f053500005a
6011f4380a720f05350000b91	4011	6011f4380a720f05350000b9
6010be180a7214ada200005d1	075925306254	6010be180a7214ada200005d
6010bdef0a720f05350000531	079400066619	6010bdef0a720f0535000053
6010bdfd0a720f05350000551	2700710686201	6010bdfd0a720f0535000055
6010be0a0a7214ada200005b1	2700710686201	6010be0a0a7214ada200005b
5fa8d5790a7214adc30001c41	075925306254	5fa8d5790a7214adc30001c4
5fa8d5790a7214adc30001c42	075925306254	5fa8d5790a7214adc30001c4
5fa8d5790a7214adc30001c43	034100573065	5fa8d5790a7214adc30001c4
5fa8d5790a7214adc30001c44	034100573065	5fa8d5790a7214adc30001c4
5fa8d5790a7214adc30001c45	034100573065	5fa8d5790a7214adc30001c4
60118bd30a720f05350000621	4011	60118bd30a720f0535000062
60118bd30a720f05350000622	028400642255	60118bd30a720f0535000062
6011f3390a720f05350000af1	4011	6011f3390a720f05350000af
6010be1c0a720f05350000571	075925306254	6010be1c0a720f0535000057
6010be1c0a720f05350000572	075925306254	6010be1c0a720f0535000057
6010be1c0a720f05350000573	034100573065	6010be1c0a720f0535000057
6010be1c0a720f05350000574	034100573065	6010be1c0a720f0535000057
60118be80a7214ada20000751	4011	60118be80a7214ada2000075
6010be460a7214ada20000662	051500720011	6010be460a7214ada2000066
6011f33a0a7214ada200010b1	4011	6011f33a0a7214ada200010b
60118be20a7214ada20000741	079400066619	60118be20a7214ada2000074
6011f3360a7214ada20001091	4011	6011f3360a7214ada2000109
60118c0a0a720f05350000671	4011	60118c0a0a720f0535000067
60118bf90a7214ada20000791	016000147096	60118bf90a7214ada2000079
5fa8d5730a7214adc30001c31	075925306254	5fa8d5730a7214adc30001c3
6010be6a0a720f053500005c1	4011	6010be6a0a720f053500005c
6012e64e0a720f05f80000311	036000320893	6012e64e0a720f05f8000031
6012e64e0a720f05f80000312	036000320893	6012e64e0a720f05f8000031
6012e64e0a720f05f80000313	036000320893	6012e64e0a720f05f8000031
6012e64e0a720f05f80000314	036000320893	6012e64e0a720f05f8000031
6012e66c0a720f05f800004d1	036000320893	6012e66c0a720f05f800004d
6012e66c0a720f05f800004d2	036000320893	6012e66c0a720f05f800004d
6012e66c0a720f05f800004d3	036000320893	6012e66c0a720f05f800004d
6012e66c0a720f05f800004d4	036000320893	6012e66c0a720f05f800004d
6012e65b0a720f05f800003d1	036000320893	6012e65b0a720f05f800003d
6012e65b0a720f05f800003d2	036000320893	6012e65b0a720f05f800003d
6012e65b0a720f05f800003d3	036000320893	6012e65b0a720f05f800003d
6012e65b0a720f05f800003d4	036000320893	6012e65b0a720f05f800003d
6013410c0a7214ad5000002a1	036000320893	6013410c0a7214ad5000002a
6013410c0a7214ad5000002a2	036000320893	6013410c0a7214ad5000002a
6013410c0a7214ad5000002a3	036000320893	6013410c0a7214ad5000002a
6013410c0a7214ad5000002a4	036000320893	6013410c0a7214ad5000002a
601340ff0a7214ad500000241	036000320893	601340ff0a7214ad50000024
601340ff0a7214ad500000242	036000320893	601340ff0a7214ad50000024
601340ff0a7214ad500000243	036000320893	601340ff0a7214ad50000024
601340ff0a7214ad500000244	036000320893	601340ff0a7214ad50000024
6012ea2d0a720f05f80000681	036000495737	6012ea2d0a720f05f8000068
6012ea2d0a720f05f80000682	036000432190	6012ea2d0a720f05f8000068
60132b1f0a7214ad5000000c1	4011	60132b1f0a7214ad5000000c
60132ae40a7214ad500000071	070470400235	60132ae40a7214ad50000007
60132aef0a720f05f800006d1	070470400235	60132aef0a720f05f800006d
601341150a7214ad5000002e1	036000320893	601341150a7214ad5000002e
601341150a7214ad5000002e2	036000320893	601341150a7214ad5000002e
601341150a7214ad5000002e3	036000320893	601341150a7214ad5000002e
601341150a7214ad5000002e4	036000320893	601341150a7214ad5000002e
6012e6380a720f05f800001c1	036000320893	6012e6380a720f05f800001c
6012e6380a720f05f800001c2	036000320893	6012e6380a720f05f800001c
6012e6380a720f05f800001c3	036000320893	6012e6380a720f05f800001c
6012e6380a720f05f800001c4	036000320893	6012e6380a720f05f800001c
6012e62d0a720f05f80000121	036000320893	6012e62d0a720f05f8000012
6012e62d0a720f05f80000122	036000320893	6012e62d0a720f05f8000012
6012e62d0a720f05f80000123	036000320893	6012e62d0a720f05f8000012
6012e62d0a720f05f80000124	036000320893	6012e62d0a720f05f8000012
601341040a7214ad500000261	036000320893	601341040a7214ad50000026
601341040a7214ad500000262	036000320893	601341040a7214ad50000026
601341040a7214ad500000263	036000320893	601341040a7214ad50000026
601341040a7214ad500000264	036000320893	601341040a7214ad50000026
6012e64f0a720f05f80000321	036000320893	6012e64f0a720f05f8000032
6012e64f0a720f05f80000322	036000320893	6012e64f0a720f05f8000032
6012e64f0a720f05f80000323	036000320893	6012e64f0a720f05f8000032
6012e64f0a720f05f80000324	036000320893	6012e64f0a720f05f8000032
601340fc0a720f05f80000891	036000320893	601340fc0a720f05f8000089
601340fc0a720f05f80000892	036000320893	601340fc0a720f05f8000089
601340fc0a720f05f80000893	036000320893	601340fc0a720f05f8000089
601340fc0a720f05f80000894	036000320893	601340fc0a720f05f8000089
60132b740a7214ad500000121	4011	60132b740a7214ad50000012
60132b740a7214ad500000122	1234	60132b740a7214ad50000012
6012e6430a720f05f80000261	036000320893	6012e6430a720f05f8000026
6012e6430a720f05f80000262	036000320893	6012e6430a720f05f8000026
6012e6430a720f05f80000263	036000320893	6012e6430a720f05f8000026
6012e6430a720f05f80000264	036000320893	6012e6430a720f05f8000026
60132b860a720f05f80000751	4011	60132b860a720f05f8000075
601341160a720f05f80000951	036000320893	601341160a720f05f8000095
601341160a720f05f80000952	036000320893	601341160a720f05f8000095
601341160a720f05f80000953	036000320893	601341160a720f05f8000095
601341160a720f05f80000954	036000320893	601341160a720f05f8000095
6012e6750a720f05f80000551	036000320893	6012e6750a720f05f8000055
6012e6750a720f05f80000552	036000320893	6012e6750a720f05f8000055
6012e6750a720f05f80000553	036000320893	6012e6750a720f05f8000055
6012e6750a720f05f80000554	036000320893	6012e6750a720f05f8000055
6012e6620a720f05f80000431	036000320893	6012e6620a720f05f8000043
6012e6620a720f05f80000432	036000320893	6012e6620a720f05f8000043
6012e6620a720f05f80000433	036000320893	6012e6620a720f05f8000043
6012e6620a720f05f80000434	036000320893	6012e6620a720f05f8000043
6012e6840a720f05f80000631	036000320893	6012e6840a720f05f8000063
6012e6840a720f05f80000632	036000320893	6012e6840a720f05f8000063
6012e6840a720f05f80000633	036000320893	6012e6840a720f05f8000063
6012e6840a720f05f80000634	036000320893	6012e6840a720f05f8000063
6012e6210a720f05f80000071	036000320893	6012e6210a720f05f8000007
6012e6210a720f05f80000072	036000320893	6012e6210a720f05f8000007
6012e6210a720f05f80000073	036000320893	6012e6210a720f05f8000007
6012e6210a720f05f80000074	036000320893	6012e6210a720f05f8000007
6012e6710a720f05f80000511	036000320893	6012e6710a720f05f8000051
6012e6710a720f05f80000512	036000320893	6012e6710a720f05f8000051
6012e6710a720f05f80000513	036000320893	6012e6710a720f05f8000051
6012e6710a720f05f80000514	036000320893	6012e6710a720f05f8000051
600f2fc80a720f05350000302	016000437760	600f2fc80a720f0535000030
600f2fc80a720f05350000303	311111434807	600f2fc80a720f0535000030
600f2fc80a720f05350000304	016000877009	600f2fc80a720f0535000030
600f2fc80a720f05350000305	016000126855	600f2fc80a720f0535000030
600f2fc80a720f05350000308	020709100139	600f2fc80a720f0535000030
600f2fc80a720f05350000309	021000045129	600f2fc80a720f0535000030
600f2fc80a720f053500003010	311111434807	600f2fc80a720f0535000030
600f2fc80a720f053500003011	016000877009	600f2fc80a720f0535000030
600f2fc80a720f053500003012	016000126855	600f2fc80a720f0535000030
600f2fc80a720f053500003015	020709100139	600f2fc80a720f0535000030
600f2fc80a720f053500003016	021000045129	600f2fc80a720f0535000030
600f2fc80a720f053500003017	511111802358	600f2fc80a720f0535000030
600f2fc80a720f053500003019	022000014252	600f2fc80a720f0535000030
600f2fc80a720f053500003022	025500005188	600f2fc80a720f0535000030
600f2fc80a720f053500003024	511111001768	600f2fc80a720f0535000030
600f2fc80a720f053500003025	029000016156	600f2fc80a720f0535000030
600f2fc80a720f053500003030	025500005188	600f2fc80a720f0535000030
600f2fc80a720f053500003032	511111001768	600f2fc80a720f0535000030
600f2fc80a720f053500003034	038000052200	600f2fc80a720f0535000030
600f2fc80a720f053500003037	038000138577	600f2fc80a720f0535000030
600f2fc80a720f053500003041	038000138577	600f2fc80a720f0535000030
600f2fc80a720f053500003048	041321006357	600f2fc80a720f0535000030
600f2fc80a720f053500003051	041695103799	600f2fc80a720f0535000030
600f2fc80a720f053500003052	511111602118	600f2fc80a720f0535000030
600f2fc80a720f053500003053	048001213517	600f2fc80a720f0535000030
600f2fc80a720f053500003059	053800123004	600f2fc80a720f0535000030
600f2fc80a720f053500003060	053800123004	600f2fc80a720f0535000030
600f2fc80a720f053500003062	071100006681	600f2fc80a720f0535000030
600f2fc80a720f053500003063	311111445421	600f2fc80a720f0535000030
600f2fc80a720f053500003065	072310001244	600f2fc80a720f0535000030
600f2fc80a720f053500003066	041800200139	600f2fc80a720f0535000030
600f2fc80a720f053500003073	23671200000	600f2fc80a720f0535000030
600f2fc80a720f053500003074	26623200000	600f2fc80a720f0535000030
600f2fc80a720f053500003091	311111511867	600f2fc80a720f0535000030
600f2fc80a720f053500003092	311111511867	600f2fc80a720f0535000030
600f2fc80a720f053500003093	311111511867	600f2fc80a720f0535000030
600f2fc80a720f053500003094	311111511867	600f2fc80a720f0535000030
600f2fc80a720f053500003096	311111511867	600f2fc80a720f0535000030
600f2fc80a720f0535000030121	764025930000	600f2fc80a720f0535000030
600f2fc80a720f0535000030133	070158008678	600f2fc80a720f0535000030
600f2fc80a720f0535000030134	070158008678	600f2fc80a720f0535000030
600f2fc80a720f0535000030163	889714000038	600f2fc80a720f0535000030
600f2fc80a720f0535000030191	311111452382	600f2fc80a720f0535000030
600f2fc80a720f0535000030193	4078	600f2fc80a720f0535000030
600f2fc80a720f0535000030195	043000009604	600f2fc80a720f0535000030
600f2fc80a720f0535000030196	311111452382	600f2fc80a720f0535000030
600f2fc80a720f0535000030197	311111511867	600f2fc80a720f0535000030
600f2fc80a720f0535000030198	076840580750	600f2fc80a720f0535000030
600f2fc80a720f0535000030199	076840100477	600f2fc80a720f0535000030
600f2fc80a720f0535000030204	021834033316	600f2fc80a720f0535000030
600f2fc80a720f0535000030205	021834033316	600f2fc80a720f0535000030
600f2fc80a720f0535000030206	021834033316	600f2fc80a720f0535000030
600f2fc80a720f0535000030207	021834033316	600f2fc80a720f0535000030
600f2fc80a720f0535000030208	034695123621	600f2fc80a720f0535000030
600f2fc80a720f0535000030209	042222336413	600f2fc80a720f0535000030
600f2fc80a720f0535000030210	051611165893	600f2fc80a720f0535000030
600f2fc80a720f0535000030212	23572500000	600f2fc80a720f0535000030
600f2fc80a720f0535000030217	012000171864	600f2fc80a720f0535000030
600f2fc80a720f0535000030218	012000000171	600f2fc80a720f0535000030
600f2fc80a720f0535000030219	511111003960	600f2fc80a720f0535000030
600f2fc80a720f0535000030226	511111101451	600f2fc80a720f0535000030
600f2fc80a720f0535000030231	043000081501	600f2fc80a720f0535000030
600f2fc80a720f0535000030232	043000050910	600f2fc80a720f0535000030
600f2fc80a720f0535000030233	043000050910	600f2fc80a720f0535000030
600f2fc80a720f0535000030234	049000012781	600f2fc80a720f0535000030
600f2fc80a720f0535000030235	049000010633	600f2fc80a720f0535000030
600f2fc80a720f0535000030236	511111004127	600f2fc80a720f0535000030
600f2fc80a720f0535000030237	511111004127	600f2fc80a720f0535000030
600f2fc80a720f0535000030238	051000228895	600f2fc80a720f0535000030
600f2fc80a720f0535000030242	071100211474	600f2fc80a720f0535000030
600f2fc80a720f0535000030243	074682200294	600f2fc80a720f0535000030
600f2fc80a720f0535000030244	078000010367	600f2fc80a720f0535000030
600f2fc80a720f0535000030246	4090	600f2fc80a720f0535000030
600f2fc80a720f0535000030250	311111452382	600f2fc80a720f0535000030
600f2fc80a720f0535000030251	311111452382	600f2fc80a720f0535000030
600f2fc80a720f0535000030252	076840580750	600f2fc80a720f0535000030
600f2fc80a720f0535000030253	011594404013	600f2fc80a720f0535000030
600f2fc80a720f0535000030262	4023	600f2fc80a720f0535000030
600f2fc80a720f0535000030263	4011	600f2fc80a720f0535000030
600f2fc80a720f0535000030264	511111904175	600f2fc80a720f0535000030
600f2fc80a720f0535000030265	511111904175	600f2fc80a720f0535000030
600f2fc80a720f0535000030274	041129411506	600f2fc80a720f0535000030
600f2fc80a720f0535000030275	311111603920	600f2fc80a720f0535000030
600f2fc80a720f0535000030277	044000034030	600f2fc80a720f0535000030
600f2fc80a720f0535000030278	044000039905	600f2fc80a720f0535000030
600f2fc80a720f0535000030279	044000051051	600f2fc80a720f0535000030
600f2fc80a720f0535000030280	048001154049	600f2fc80a720f0535000030
600f2fc80a720f0535000030281	071100006681	600f2fc80a720f0535000030
600f2fc80a720f0535000030282	071142004089	600f2fc80a720f0535000030
600f2fc80a720f0535000030284	021000065127	600f2fc80a720f0535000030
600f2fc80a720f0535000030288	044700098752	600f2fc80a720f0535000030
600f2fc80a720f0535000030295	050000274444	600f2fc80a720f0535000030
600f2fc80a720f0535000030298	048121229030	600f2fc80a720f0535000030
600f2fc80a720f0535000030299	072220001808	600f2fc80a720f0535000030
600f2fc80a720f0535000030302	212245400006	600f2fc80a720f0535000030
600f2fc80a720f0535000030303	212245400006	600f2fc80a720f0535000030
600f2fc80a720f0535000030304	011110603746	600f2fc80a720f0535000030
600f2fc80a720f0535000030307	011110974525	600f2fc80a720f0535000030
600f2fc80a720f0535000030316	4061	600f2fc80a720f0535000030
600f2fc80a720f0535000030319	071840205009	600f2fc80a720f0535000030
600f2fc80a720f0535000030320	077661137833	600f2fc80a720f0535000030
600f2fc80a720f0535000030321	077661120460	600f2fc80a720f0535000030
600f2fc80a720f0535000030324	034000056644	600f2fc80a720f0535000030
600f2fc80a720f0535000030363	311111511867	600f2fc80a720f0535000030
600f2fc80a720f0535000030364	311111511867	600f2fc80a720f0535000030
600f2fc80a720f0535000030365	311111511867	600f2fc80a720f0535000030
600f2fc80a720f0535000030369	311111511867	600f2fc80a720f0535000030
600f2fc80a720f0535000030370	311111511867	600f2fc80a720f0535000030
600f2fc80a720f0535000030371	311111511867	600f2fc80a720f0535000030
600f2fc80a720f0535000030376	071430000724	600f2fc80a720f0535000030
600f2fc80a720f0535000030380	037466016023	600f2fc80a720f0535000030
600f2fc80a720f0535000030381	041260362873	600f2fc80a720f0535000030
600f2fc80a720f0535000030385	037466016023	600f2fc80a720f0535000030
600f2fc80a720f0535000030386	041260362873	600f2fc80a720f0535000030
600f2fc80a720f0535000030389	034000056644	600f2fc80a720f0535000030
600f2fc80a720f0535000030390	034000056644	600f2fc80a720f0535000030
600f2fc80a720f0535000030391	016000124790	600f2fc80a720f0535000030
600f2fc80a720f0535000030392	016000124790	600f2fc80a720f0535000030
600f2fc80a720f0535000030393	4023	600f2fc80a720f0535000030
600f2fc80a720f0535000030394	3435	600f2fc80a720f0535000030
600f2fc80a720f0535000030398	041449402529	600f2fc80a720f0535000030
600f2fc80a720f0535000030399	041449402529	600f2fc80a720f0535000030
600f2fc80a720f0535000030400	4023	600f2fc80a720f0535000030
600f2fc80a720f0535000030401	3435	600f2fc80a720f0535000030
600f2fc80a720f0535000030405	041449402529	600f2fc80a720f0535000030
600f2fc80a720f0535000030406	041449402529	600f2fc80a720f0535000030
600f2fc80a720f0535000030413	021000658831	600f2fc80a720f0535000030
600f2fc80a720f0535000030414	021000658831	600f2fc80a720f0535000030
600f2fc80a720f0535000030415	021000658831	600f2fc80a720f0535000030
600f2fc80a720f0535000030419	021000658831	600f2fc80a720f0535000030
600f2fc80a720f0535000030420	021000658831	600f2fc80a720f0535000030
600f2fc80a720f0535000030421	021000658831	600f2fc80a720f0535000030
600f2fc80a720f0535000030422	021000658831	600f2fc80a720f0535000030
600f2fc80a720f0535000030423	021000658831	600f2fc80a720f0535000030
600f2fc80a720f0535000030424	021000052363	600f2fc80a720f0535000030
600f2fc80a720f0535000030425	021000658831	600f2fc80a720f0535000030
600f2fc80a720f0535000030426	021000658831	600f2fc80a720f0535000030
600f2fc80a720f0535000030427	021000658831	600f2fc80a720f0535000030
600f2fc80a720f0535000030428	021000658831	600f2fc80a720f0535000030
600f2fc80a720f0535000030429	021000658831	600f2fc80a720f0535000030
600f2fc80a720f0535000030430	021000658831	600f2fc80a720f0535000030
600f2fc80a720f0535000030431	4067	600f2fc80a720f0535000030
600f2fc80a720f0535000030433	021000658831	600f2fc80a720f0535000030
600f2fc80a720f0535000030434	021000658831	600f2fc80a720f0535000030
600f2fc80a720f0535000030435	021000658831	600f2fc80a720f0535000030
600f2fc80a720f0535000030436	021000658831	600f2fc80a720f0535000030
600f2fc80a720f0535000030437	021000658831	600f2fc80a720f0535000030
600f2fc80a720f0535000030438	021000658831	600f2fc80a720f0535000030
600f2fc80a720f0535000030439	021000658831	600f2fc80a720f0535000030
600f2fc80a720f0535000030443	044300107700	600f2fc80a720f0535000030
600f2fc80a720f0535000030445	511111704140	600f2fc80a720f0535000030
600f2fc80a720f0535000030447	511111704140	600f2fc80a720f0535000030
600f2fc80a720f0535000030449	026800001924	600f2fc80a720f0535000030
600f2fc80a720f0535000030451	026800001924	600f2fc80a720f0535000030
600f2fc80a720f0535000030454	311111445421	600f2fc80a720f0535000030
600f2fc80a720f0535000030459	041449001401	600f2fc80a720f0535000030
6012e6850a720f05f80000641	036000320893	6012e6850a720f05f8000064
6012e6850a720f05f80000642	036000320893	6012e6850a720f05f8000064
6012e6850a720f05f80000643	036000320893	6012e6850a720f05f8000064
6012e6850a720f05f80000644	036000320893	6012e6850a720f05f8000064
60132b960a720f05f800007a1	4011	60132b960a720f05f800007a
6012e6660a720f05f80000471	036000320893	6012e6660a720f05f8000047
6012e6660a720f05f80000472	036000320893	6012e6660a720f05f8000047
6012e6660a720f05f80000473	036000320893	6012e6660a720f05f8000047
6012e6660a720f05f80000474	036000320893	6012e6660a720f05f8000047
6013410f0a720f05f80000921	036000320893	6013410f0a720f05f8000092
6013410f0a720f05f80000922	036000320893	6013410f0a720f05f8000092
6013410f0a720f05f80000923	036000320893	6013410f0a720f05f8000092
6013410f0a720f05f80000924	036000320893	6013410f0a720f05f8000092
601443720a7214ad500000631	079400066619	601443720a7214ad50000063
601448f30a720f05f80000d91	043000006283	601448f30a720f05f80000d9
601448f30a720f05f80000d92	043000006283	601448f30a720f05f80000d9
601448f30a720f05f80000d93	043000006283	601448f30a720f05f80000d9
601448f30a720f05f80000d94	043000006283	601448f30a720f05f80000d9
601448f30a720f05f80000d95	043000006283	601448f30a720f05f80000d9
601431db0a720f05f80000a81	4011	601431db0a720f05f80000a8
601431db0a720f05f80000a82	1234	601431db0a720f05f80000a8
60145a3d0a7214ad500000821	4011	60145a3d0a7214ad50000082
60144aee0a720f05f80000f11	021000018710	60144aee0a720f05f80000f1
60147ba00a7214ad500000d31	036000162905	60147ba00a7214ad500000d3
60147ba00a7214ad500000d32	036000162905	60147ba00a7214ad500000d3
60147ba00a7214ad500000d33	036000162905	60147ba00a7214ad500000d3
60147ba00a7214ad500000d34	036000162905	60147ba00a7214ad500000d3
60147ba00a7214ad500000d35	036000162905	60147ba00a7214ad500000d3
601465b00a7214ad5000009f1	4011	601465b00a7214ad5000009f
601472e20a7214ad500000ce1	036000320893	601472e20a7214ad500000ce
601472e20a7214ad500000ce2	036000320893	601472e20a7214ad500000ce
601472e20a7214ad500000ce3	036000320893	601472e20a7214ad500000ce
601472e20a7214ad500000ce4	036000320893	601472e20a7214ad500000ce
601442dd0a7214ad500000541	4011	601442dd0a7214ad50000054
601443310a720f05f80000c61	016000898264	601443310a720f05f80000c6
60145a510a7214ad500000861	4011	60145a510a7214ad50000086
60145a960a7214ad500000951	4011	60145a960a7214ad50000095
60145a960a7214ad500000952	1234	60145a960a7214ad50000095
601465f40a720f05f80001371	007940018942	601465f40a720f05f8000137
60145a830a7214ad5000008f1	4011	60145a830a7214ad5000008f
60145a830a7214ad5000008f2	028400642255	60145a830a7214ad5000008f
601432400a7214ad500000431	079400066619	601432400a7214ad50000043
601442570a7214ad5000004b1	021000049325	601442570a7214ad5000004b
601455a80a720f05f80001071	4011	601455a80a720f05f8000107
601455a80a720f05f80001072	1234	601455a80a720f05f8000107
601455820a720f05f80000fb1	4011	601455820a720f05f80000fb
6014323b0a720f05f80000b21	4011	6014323b0a720f05f80000b2
6014323b0a720f05f80000b22	028400642255	6014323b0a720f05f80000b2
601442710a720f05f80000bb1	025800020300	601442710a720f05f80000bb
601442710a720f05f80000bb2	025800020300	601442710a720f05f80000bb
601442710a720f05f80000bb3	025800020300	601442710a720f05f80000bb
601442710a720f05f80000bb4	025800020300	601442710a720f05f80000bb
601442710a720f05f80000bb5	025800020300	601442710a720f05f80000bb
6014435e0a720f05f80000d11	4011	6014435e0a720f05f80000d1
60144adf0a720f05f80000ef1	021000024582	60144adf0a720f05f80000ef
601455900a720f05f80001021	4011	601455900a720f05f8000102
601448fe0a720f05f80000df1	600699001564	601448fe0a720f05f80000df
60146fbd0a7214ad500000ba1	025155000149	60146fbd0a7214ad500000ba
60146fbd0a7214ad500000ba2	025155000149	60146fbd0a7214ad500000ba
60146fbd0a7214ad500000ba3	025155000149	60146fbd0a7214ad500000ba
60146fbd0a7214ad500000ba4	025155000149	60146fbd0a7214ad500000ba
60146fbd0a7214ad500000ba5	025155000149	60146fbd0a7214ad500000ba
601836c70a720f05f80003641	4011	601836c70a720f05f8000364
601485340a720f05f80001671	036000320893	601485340a720f05f8000167
601485370a720f05f80001721	036000320893	601485370a720f05f8000172
60182f290a720f05f800032f1	4011	60182f290a720f05f800032f
601890c70a7214ad280000281	4011	601890c70a7214ad28000028
60183c850a7214ad500003081	4011	60183c850a7214ad50000308
601830ce0a7214ad500002df1	4011	601830ce0a7214ad500002df
60182f370a720f05f80003351	4011	60182f370a720f05f8000335
60182f370a720f05f80003352	1234	60182f370a720f05f8000335
60182d8c0a720f05f80003181	4011	60182d8c0a720f05f8000318
601830d30a7214ad500002e11	4011	601830d30a7214ad500002e1
6018369f0a7214ad500002f11	4011	6018369f0a7214ad500002f1
601830a70a7214ad500002d32	051500720011	601830a70a7214ad500002d3
60182f610a720f05f800033e1	079400066619	60182f610a720f05f800033e
601890b80a7214ad280000201	4011	601890b80a7214ad28000020
601485370a720f05f80001751	036000320893	601485370a720f05f8000175
601890d50a720f05f40000571	016000128620	601890d50a720f05f4000057
6014853a0a7214ad500001061	036000320893	6014853a0a7214ad50000106
60189c850a7214ad280000341	075925306254	60189c850a7214ad28000034
60189c980a7214ad280000401	4011	60189c980a7214ad28000040
60189c9c0a7214ad280000451	4011	60189c9c0a7214ad28000045
60189cc00a720f05f40000631	013562300631	60189cc00a720f05f4000063
60189c990a7214ad280000411	4011	60189c990a7214ad28000041
5fb1bd510a7214ad890000e31	075925306254	5fb1bd510a7214ad890000e3
60189ca00a7214ad280000481	4011	60189ca00a7214ad28000048
60189c750a720f05f400005d1	4011	60189c750a720f05f400005d
60189c750a720f05f400005d2	028400642255	60189c750a720f05f400005d
60189c900a7214ad280000381	4011	60189c900a7214ad28000038
60189cc10a7214ad280000501	070470149394	60189cc10a7214ad28000050
60189c7d0a7214ad280000301	4011	60189c7d0a7214ad28000030
60189cb40a720f05f40000602	051500720011	60189cb40a720f05f4000060
60189cbe0a720f05f40000621	4011	60189cbe0a720f05f4000062
60189cbe0a720f05f40000622	028400642255	60189cbe0a720f05f4000062
5fb2da580a7214ad890001141	075925306254	5fb2da580a7214ad89000114
601aaf580a7214ad280001ca1	043000080443	601aaf580a7214ad280001ca
601aaf580a7214ad280001ca2	043000080443	601aaf580a7214ad280001ca
601aaf580a7214ad280001ca3	043000080443	601aaf580a7214ad280001ca
601aaf580a7214ad280001ca4	043000080443	601aaf580a7214ad280001ca
601aaf580a7214ad280001ca5	043000080443	601aaf580a7214ad280001ca
601aaf7a0a720f05f40001e81	013000009263	601aaf7a0a720f05f40001e8
601ac1d80a720f05f40001fe1	021000045006	601ac1d80a720f05f40001fe
601aaf710a720f05f40001e61	029000019416	601aaf710a720f05f40001e6
601c68b50a720f05f40002c81	4011	601c68b50a720f05f40002c8
601c68b50a720f05f40002c82	1234	601c68b50a720f05f40002c8
601c68ce0a7214ad280002d61	4011	601c68ce0a7214ad280002d6
601c2c3a0a720f05f40002a21	087684009338	601c2c3a0a720f05f40002a2
601c2c540a720f05f40002a41	021000054602	601c2c540a720f05f40002a4
601c68c70a7214ad280002d21	4011	601c68c70a7214ad280002d2
601ead690a720f053c0000921	043000058404	601ead690a720f053c000092
601ead5b0a720f053c00008f1	087684004449	601ead5b0a720f053c00008f
602176c90a7214d8e90000281	4011	602176c90a7214d8e9000028
602299b40a720f05a80000bc1	4011	602299b40a720f05a80000bc
602299b40a720f05a80000bc2	1234	602299b40a720f05a80000bc
602299ad0a7214d8e90000d71	4011	602299ad0a7214d8e90000d7
6024024b0a7214d8e900018d1	013000006187	6024024b0a7214d8e900018d
6024024b0a7214d8e900018d2	013000006187	6024024b0a7214d8e900018d
6024024b0a7214d8e900018d3	013000006187	6024024b0a7214d8e900018d
6024024b0a7214d8e900018d4	013000006187	6024024b0a7214d8e900018d
6024024b0a7214d8e900018d5	013000006187	6024024b0a7214d8e900018d
602454340a720f05a80001ae2	036000494129	602454340a720f05a80001ae
6024024b0a7214d8e900018c1	021000024674	6024024b0a7214d8e900018c
6024024b0a7214d8e900018c2	021000024674	6024024b0a7214d8e900018c
6024024b0a7214d8e900018c3	021000024674	6024024b0a7214d8e900018c
6024024b0a7214d8e900018c4	021000024674	6024024b0a7214d8e900018c
6024024b0a7214d8e900018c5	021000024674	6024024b0a7214d8e900018c
602429930a720f05a800018b1	013000799102	602429930a720f05a800018b
602429930a720f05a800018b2	013000799102	602429930a720f05a800018b
602429930a720f05a800018b3	013000799102	602429930a720f05a800018b
602429930a720f05a800018b4	013000799102	602429930a720f05a800018b
602429930a720f05a800018b5	013000799102	602429930a720f05a800018b
602402750a720f05a800016f1	043000048528	602402750a720f05a800016f
602402750a720f05a800016f2	043000048528	602402750a720f05a800016f
602402750a720f05a800016f3	043000048528	602402750a720f05a800016f
602402750a720f05a800016f4	043000048528	602402750a720f05a800016f
602402750a720f05a800016f5	043000048528	602402750a720f05a800016f
602429640a720f05a80001871	021000030453	602429640a720f05a8000187
602439950a7214d8e90001c21	022174070214	602439950a7214d8e90001c2
602402600a7214d8e90001951	071159001750	602402600a7214d8e9000195
602558b60a7214d8e90002661	4011	602558b60a7214d8e9000266
6025386a0a7214d8e90002411	4011	6025386a0a7214d8e9000241
6025386a0a7214d8e90002412	1234	6025386a0a7214d8e9000241
602538b30a7214d8e90002481	042800108005	602538b30a7214d8e9000248
602538920a720f05a80002161	4011	602538920a720f05a8000216
602558a90a720f05a80002401	4011	602558a90a720f05a8000240
602558a90a720f05a80002402	1234	602558a90a720f05a8000240
602538960a720f05a800021b1	4011	602538960a720f05a800021b
602558b40a7214d8e90002631	4011	602558b40a7214d8e9000263
60268cab0a7214d8e90003151	4011	60268cab0a7214d8e9000315
60268cab0a7214d8e90003152	028400642255	60268cab0a7214d8e9000315
60268caf0a720f05a80002e21	079400066619	60268caf0a720f05a80002e2
60268c7e0a7214d8e90003091	4011	60268c7e0a7214d8e9000309
60268c790a7214d8e90003061	4011	60268c790a7214d8e9000306
603983e20a7217c72c0001381	B076FJ92M4	603983e20a7217c72c000138
603983e20a7217c72c0001382	B07BRRLSVC	603983e20a7217c72c000138
603973f80a720fde100000e31	B076FJ92M4	603973f80a720fde100000e3
603973f80a720fde100000e32	B07BRRLSVC	603973f80a720fde100000e3
603978600a7217c72c00010b1	B08BGBHHP6	603978600a7217c72c00010b
603978600a7217c72c00010b2	B08DQDHR2S	603978600a7217c72c00010b
603977e70a720fde100000e81	665290001184	603977e70a720fde100000e8
603a2a470a720fde100001971	B076FJ92M4	603a2a470a720fde10000197
603a2a470a720fde100001972	B07BRRLSVC	603a2a470a720fde10000197
603a327b0a7217c72c0001d11	B076FJ92M4	603a327b0a7217c72c0001d1
603a327b0a7217c72c0001d12	B07BRRLSVC	603a327b0a7217c72c0001d1
603a54770a720fde100001bd1	B076FJ92M4	603a54770a720fde100001bd
603a54770a720fde100001bd2	B07BRRLSVC	603a54770a720fde100001bd
6039f3340a720fde1000016f1	B076FJ92M4	6039f3340a720fde1000016f
6039f3340a720fde1000016f2	B07BRRLSVC	6039f3340a720fde1000016f
6039be770a720fde100001431	B076FJ92M4	6039be770a720fde10000143
6039be770a720fde100001432	B07BRRLSVC	6039be770a720fde10000143
6039d4bc0a7217c72c0001841	B076FJ92M4	6039d4bc0a7217c72c000184
6039d4bc0a7217c72c0001842	B07BRRLSVC	6039d4bc0a7217c72c000184
603995740a720fde100001201	B076FJ92M4	603995740a720fde10000120
603995740a720fde100001202	B07BRRLSVC	603995740a720fde10000120
603a698f0a720fde100001d11	B076FJ92M4	603a698f0a720fde100001d1
603a698f0a720fde100001d12	B07BRRLSVC	603a698f0a720fde100001d1
603a86df0a720fde100001e31	B076FJ92M4	603a86df0a720fde100001e3
603a86df0a720fde100001e32	B07BRRLSVC	603a86df0a720fde100001e3
6039f7e30a7217c72c00019a1	B076FJ92M4	6039f7e30a7217c72c00019a
6039f7e30a7217c72c00019a2	B07BRRLSVC	6039f7e30a7217c72c00019a
603aab2f0a7217c72c00023a1	B076FJ92M4	603aab2f0a7217c72c00023a
603aab2f0a7217c72c00023a2	B07BRRLSVC	603aab2f0a7217c72c00023a
603b9a3f0a720fde100002d31	B076FJ92M4	603b9a3f0a720fde100002d3
603b9a3f0a720fde100002d32	B07BRRLSVC	603b9a3f0a720fde100002d3
603af1800a7217c72c00027b1	B076FJ92M4	603af1800a7217c72c00027b
603af1800a7217c72c00027b2	B07BRRLSVC	603af1800a7217c72c00027b
603c25b30a720fde1000035b1	B076FJ92M4	603c25b30a720fde1000035b
603c25b30a720fde1000035b2	B07BRRLSVC	603c25b30a720fde1000035b
603b2c1a0a7217c72c0002a91	B076FJ92M4	603b2c1a0a7217c72c0002a9
603b2c1a0a7217c72c0002a92	B07BRRLSVC	603b2c1a0a7217c72c0002a9
603bd1570a7217c72c0003371	B076FJ92M4	603bd1570a7217c72c000337
603bd1570a7217c72c0003372	B07BRRLSVC	603bd1570a7217c72c000337
603bcdd00a7217c72c0003351	B076FJ92M4	603bcdd00a7217c72c000335
603bcdd00a7217c72c0003352	B07BRRLSVC	603bcdd00a7217c72c000335
603b0b4a0a720fde1000024e1	B076FJ92M4	603b0b4a0a720fde1000024e
603b0b4a0a720fde1000024e2	B07BRRLSVC	603b0b4a0a720fde1000024e
603bdbe10a7217c72c00033e1	B076FJ92M4	603bdbe10a7217c72c00033e
603bdbe10a7217c72c00033e2	B07BRRLSVC	603bdbe10a7217c72c00033e
603b77170a7217c72c0002e61	B076FJ92M4	603b77170a7217c72c0002e6
603b77170a7217c72c0002e62	B07BRRLSVC	603b77170a7217c72c0002e6
603b4f3f0a7217c72c0002c91	B076FJ92M4	603b4f3f0a7217c72c0002c9
603b4f3f0a7217c72c0002c92	B07BRRLSVC	603b4f3f0a7217c72c0002c9
603c0ac20a7217c72c00035c1	B076FJ92M4	603c0ac20a7217c72c00035c
603c0ac20a7217c72c00035c2	B07BRRLSVC	603c0ac20a7217c72c00035c
603afc0e0a720fde100002431	B076FJ92M4	603afc0e0a720fde10000243
603afc0e0a720fde100002432	B07BRRLSVC	603afc0e0a720fde10000243
603adfeb0a7217c72c0002651	B076FJ92M4	603adfeb0a7217c72c000265
603adfeb0a7217c72c0002652	B07BRRLSVC	603adfeb0a7217c72c000265
603aeba50a7217c72c0002721	B076FJ92M4	603aeba50a7217c72c000272
603aeba50a7217c72c0002722	B07BRRLSVC	603aeba50a7217c72c000272
603cbbb50a720fde100003e31	B076FJ92M4	603cbbb50a720fde100003e3
603cbbb50a720fde100003e32	B07BRRLSVC	603cbbb50a720fde100003e3
603d30e60a7217c72c00043f1	B076FJ92M4	603d30e60a7217c72c00043f
603d30e60a7217c72c00043f2	B07BRRLSVC	603d30e60a7217c72c00043f
603d5d6c0a7217c72c0004631	B076FJ92M4	603d5d6c0a7217c72c000463
603d5d6c0a7217c72c0004632	B07BRRLSVC	603d5d6c0a7217c72c000463
603d59e70a7217c72c00045f1	B076FJ92M4	603d59e70a7217c72c00045f
603d59e70a7217c72c00045f2	B07BRRLSVC	603d59e70a7217c72c00045f
603d40250a720fde100004591	B076FJ92M4	603d40250a720fde10000459
603d40250a720fde100004592	B07BRRLSVC	603d40250a720fde10000459
603c88240a7217c72c0003b81	B076FJ92M4	603c88240a7217c72c0003b8
603c88240a7217c72c0003b82	B07BRRLSVC	603c88240a7217c72c0003b8
603cba880a7217c72c0003e01	B076FJ92M4	603cba880a7217c72c0003e0
603cba880a7217c72c0003e02	B07BRRLSVC	603cba880a7217c72c0003e0
603cd57d0a7217c72c0003f61	B076FJ92M4	603cd57d0a7217c72c0003f6
603cd57d0a7217c72c0003f62	B07BRRLSVC	603cd57d0a7217c72c0003f6
603c7c6c0a7217c72c0003b31	B076FJ92M4	603c7c6c0a7217c72c0003b3
603c7c6c0a7217c72c0003b32	B07BRRLSVC	603c7c6c0a7217c72c0003b3
603c3d240a720fde100003731	B076FJ92M4	603c3d240a720fde10000373
603c3d240a720fde100003732	B07BRRLSVC	603c3d240a720fde10000373
603cc2bc0a720fde100003e91	B076FJ92M4	603cc2bc0a720fde100003e9
603cc2bc0a720fde100003e92	B07BRRLSVC	603cc2bc0a720fde100003e9
603cc0630a720fde100003e61	B076FJ92M4	603cc0630a720fde100003e6
603cc0630a720fde100003e62	B07BRRLSVC	603cc0630a720fde100003e6
603ce7100a7217c72c0004051	B076FJ92M4	603ce7100a7217c72c000405
603ce7100a7217c72c0004052	B07BRRLSVC	603ce7100a7217c72c000405
